unitid,instnm,median_hh_inc,mn_earn_wne_p10,avgfacsal,sat_avg,ugds_white,ugds_black

197133,Vassar College,80899.17999999999,61500,11572,1409,.5808,.0446

205957,Franciscan University of Steubenville,66586.03999999999,42700,7483,1157,.8169999999999999,.0069

195003,Rochester Institute of Technology,69175.72,67800,10084,1254,.667,.0476

192192,Keuka College,56096.14,46700,6537,953,.7538,.0877

214069,Misericordia University,56588.57,54400,7349,1060,.8831,.0275

232043,Eastern Mennonite University,59648.45,44700,5905,1049,.717,.0884

214689,Pennsylvania State University-Penn State Altoona,63381.69,57200,7760,1008,.7504999999999999,.0734

233718,Sweet Briar College,72916.57000000001,43500,7067,1035,.7094,.1

202514,Defiance College,61079.24,46500,5663,960,.7728,.0998

223232,Baylor University,73627.32000000001,58400,9468,1246,.6397,.0658

177339,Evangel University,58696.81,40900,6412,1063,.8061,.0377

192192,Keuka College,56096.14,46700,6537,953,.7538,.0877

104151,Arizona State University-Tempe,69074.33,55500,11068,1147,.5081,.0384

186399,Rutgers University-Newark,82669.67999999999,68100,13286,1005,.2373,.1896

179548,Stephens College,61398.11,41000,5274,1049,.6948,.1271

228778,The University of Texas at Austin,72284.10000000001,73900,8889,1289,.4237,.0419

226471,University of Mary Hardin-Baylor,62566.96,48700,7734,1051,.5651,.1505

156365,Campbellsville University,47586.61,35400,5135,1008,.7113,.1268

240329,University of Wisconsin-La Crosse,64374,52500,7075,1145,.8938,.0081

164988,Boston University,83140.67999999999,75900,13130,1328,.4096,.0382

190761,Dominican College of Blauvelt,77440.46000000001,52500,8168,890,.3498,.1615

112260,Claremont McKenna College,82855.72,93200,13553,1413,.4196,.0454

204468,Notre Dame College,60228.48,43900,5379,942,.5835,.2596

229115,Texas Tech University,65284.89,61600,8880,1117,.5881,.0622

187648,Eastern New Mexico University-Main Campus,42974.58,34800,6835,944,.4421,.064

206437,Walsh University,58552.19,48300,6177,1024,.7436,.0714

238032,West Virginia University,57483.6,52700,9651,1069,.7917,.0479

228875,Texas Christian University,76266.48,62600,10947,1223,.7218,.0505

228802,The University of Texas at Tyler,53622.93,50500,8256,1050,.5849,.0973

165529,Curry College,77762.42,51100,9758,943,.6743,.1048

226231,LeTourneau University,63985.71,56800,6862,1150,.616,.09

160904,Xavier University of Louisiana,55657.89,64500,8478,1054,.0271,.7981

133809,Florida College,63903.31,42700,6838,1068,.7691,.0577

230931,Lyndon State College,58494.41,35900,6305,945,.8145,.0348

149514,Trinity International University-Illinois,72368.27,45400,7472,1079,.6482,.1314

197869,Appalachian State University,61267.04,43600,8263,1140,.8401,.0382

184773,Georgian Court University,78770.86,43600,8233,946,.6111,.1199

174491,University of Northwestern-St Paul,70065.41,43400,6109,1104,.8279,.0361

226383,Lubbock Christian University,51468.15,50500,6344,1034,.6832,.051

154590,William Penn University,58579.66,46400,5723,889,.5871,.1835

227881,Sam Houston State University,63900.24,49700,7627,986,.513,.1824

206835,Oklahoma Wesleyan University,51169.37,53500,5280,969,.6286,.0858

151111,Indiana University-Purdue University-Indianapolis,64749.24,50700,8183,1025,.7054,.0994

122755,San Jose State University,88589.14,63800,10093,1039,.1783,.0333

223232,Baylor University,73627.32000000001,58400,9468,1246,.6397,.0658

237640,Ohio Valley University,52818.63,40400,5013,966,.5846,.1119

214689,Pennsylvania State University-Penn State Altoona,63381.69,57200,7760,1008,.7504999999999999,.0734

204501,Oberlin College,76190.10000000001,45500,10956,1364,.6611,.0539

177144,Culver-Stockton College,52894.01,40100,5436,966,.7234,.1192

142522,Brigham Young University-Idaho,58959.59,49400,7761,1036,.7618,.0061

161457,University of New England,64934.4,51000,8384,1055,.8274,.0127

204194,Mount Vernon Nazarene University,60597.42,50000,6172,1050,.8512,.0436

100706,University of Alabama in Huntsville,58688.62,52000,9463,1257,.7148,.1131

207500,University of Oklahoma-Norman Campus,59522.71,61900,9449,1189,.6128,.0489

217484,University of Rhode Island,72503.8,58400,10205,1081,.7207,.0509

143358,Bradley University,74072.53999999999,58300,8476,1141,.569,.0484

183044,University of New Hampshire-Main Campus,77484.55,57700,11483,1101,.8139999999999999,.0131

145372,Greenville University,58941.13,39900,5551,999,.6841,.1077

219356,South Dakota State University,53049.11,50200,8173,1069,.872,.0188

134097,Florida State University,60914.47,53900,10657,1214,.6274999999999999,.0832

217925,Columbia International University,64434.93,31400,4563,1067,.7332,.1141

152099,Oakland City University,52931.31,37200,5225,978,.7198,.0726

203775,Malone University,58701.03,48100,6350,1017,.8028999999999999,.1221

146719,Loyola University Chicago,76055.22,63500,10360,1195,.5616,.0525

132408,The Baptist College of Florida,50305.97,36200,4913,910,.8023,.0791

211352,Cabrini University,77292.03,49600,7031,970,.5901999999999999,.1954

238661,Edgewood College,68115.77,47600,5856,1069,.7895,.0254

206695,Youngstown State University,51307.51,40200,8171,1003,.7608,.0988

172334,Spring Arbor University,61521.97,45000,5226,1029,.7587,.1053

201548,Capital University,64246.32,48400,8494,1135,.7481,.0985

153302,Emmaus Bible College,63394.45,36800,4349,1088,.7724,.0569

101709,University of Montevallo,59047.15,36100,7512,1069,.7074,.153

439701,The King's University,68510.99000000001,47100,7393,1073,.6644,.1029

194091,New York Institute of Technology,72244.37,68100,11504,1077,.2304,.0817

115728,Holy Names University,72379.02,57600,7814,888,.1709,.2058

110653,University of California-Irvine,78085.64999999999,65800,14456,1206,.1433,.0191

168005,Suffolk University,76214.78999999999,59900,11758,1020,.4339,.0591

198464,East Carolina University,57608.05,45800,8590,1040,.6764,.1589

160755,Tulane University of Louisiana,69803.28,86300,11484,1346,.7091,.0856

199962,Wingate University,65044.99,55700,7545,1042,.6315,.1464

213598,Lincoln University,51404.66,36200,8542,835,.0121,.8359

238458,Carroll University,73362.92,47000,7187,1089,.8052,.0151

179955,William Jewell College,66156.47,51300,6751,1144,.7863,.0403

151342,Indiana University-South Bend,59249.25,38100,6201,952,.7288,.0761

197230,Wells College,61992.22,39200,6682,1005,.6252,.1321

193900,New York University,82106.42999999999,78600,13264,1371,.3239,.0559

145646,Illinois Wesleyan University,81071.42999999999,67300,8160,1229,.7107,.0437

225575,Huston-Tillotson University,57117.25,34200,5306,787,.0477,.6483

200484,Trinity Bible College and Graduate School,50788.22,31700,3811,917,.7196,.0794

232937,Norfolk State University,56695.39,38800,7968,762,.0395,.8489

145497,Hebrew Theological College,62643.23,26700,5109,1076,.9849,0

131098,Wesley College,70367.14,45700,7133,830,.3851,.4327

178697,College of the Ozarks,46804.8,35300,7322,1071,.9233,.0079

198969,Methodist University,58239.21,43700,7238,955,.4485,.187

194310,Pace University-New York,74848.67999999999,66800,8810,1064,.506,.1072

161554,University of Southern Maine,58065.5,44400,8946,984,.8058,.048

160755,Tulane University of Louisiana,69803.28,86300,11484,1346,.7091,.0856

203368,John Carroll University,68368.11,61100,8868,1116,.8451,.0442

154518,Waldorf University,57010.8,42400,5099,960,.6278,.1567

215293,University of Pittsburgh-Pittsburgh Campus,58452.18,61200,10479,1298,.7258,.053

120883,University of the Pacific,72621.06,84200,10571,1180,.2504,.0322

226231,LeTourneau University,63985.71,56800,6862,1150,.616,.09

230834,Castleton University,61392.97,40800,6492,965,.8342000000000001,.018

232672,Mary Baldwin University,62187.09,39500,6610,983,.5489000000000001,.2357

173124,Bemidji State University,55158.96,44000,8417,1030,.8398,.0204

140696,Oglethorpe University,73815.08,49400,6703,1125,.3457,.2063

156356,Brescia University,50402.08,48000,5248,1060,.6464,.1454

232557,Liberty University,62401.61,41400,4778,1094,.4766,.114

165866,Framingham State University,80769.61,49000,8786,995,.6863,.1068

126182,Adams State University,50726.71,38100,6222,933,.4561,.0747

135726,University of Miami,71124,72900,11984,1323,.4251,.0786

152318,Rose-Hulman Institute of Technology,67724.52,88500,10945,1318,.7123,.0233

146339,Judson University,75944.27,47200,5834,1020,.533,.1077

195304,Sarah Lawrence College,76763,48000,10059,1291,.5171,.0436

199157,North Carolina Central University,57501.19,35300,8027,873,.0663,.8123

185262,Kean University,76062.13,48400,8820,921,.3474,.1938

176910,Central Christian College of the Bible,57236.66,30600,3612,1026,.794,.0901

160038,Northwestern State University of Louisiana,43125.41,39600,6210,1006,.5357,.3122

240107,Viterbo University,56953.94,47400,6538,1065,.8952,.0167

200217,University of Mary,50623.12,53000,5993,1067,.8214,.0172

233718,Sweet Briar College,72916.57000000001,43500,7067,1035,.7094,.1

179159,Saint Louis University,72169.74000000001,64900,9834,1259,.6834,.0634

221351,Rhodes College,73395.81,64800,8307,1291,.7212,.0768

151263,University of Indianapolis,63891.1,46100,7286,1033,.678,.0922

206604,Wright State University-Main Campus,61970.64,46100,8953,1016,.734,.1177

233426,Roanoke College,74630.57000000001,52000,7610,1091,.8222,.056

168591,Alma College,61676.21,46500,7308,1087,.7779,.0396

130794,Yale University,75345.96000000001,124400,18333,1502,.4617,.0684

230807,Westminster College,70649.66,58100,8018,1119,.7131,.0191

110361,California Baptist University,66849.57000000001,47500,8976,988,.3834,.0779

232308,Hollins University,65801,37900,6996,1146,.6504,.1206

130226,Quinnipiac University,87986.10000000001,67700,10962,1096,.7631,.0457

199412,Queens University of Charlotte,69597.25,49400,7177,1061,.5658,.1589

156286,Bellarmine University,65601.28,50600,8012,1118,.8182,.0424

207157,Randall University,51563.32,38700,3787,926,.4737,.1084

153375,Grand View University,62140.86,45200,6452,970,.6983,.0832

106412,University of Arkansas at Pine Bluff,42634.24,30600,5850,894,.0428,.9141

219471,University of South Dakota,53799.09,49500,7940,1050,.8378,.033

201885,University of Cincinnati-Main Campus,64722.83,49700,9600,1164,.746,.0728

220710,Maryville College,57523.24,44000,6457,1087,.7511,.1266

219976,Lipscomb University,66979.13,51500,7455,1142,.7604,.0698

221397,Roane State Community College,44967.61,32600,6029,930,.8653,.0271

230764,University of Utah,69474.52,63500,9560,1116,.6967,.0136

208488,Concordia University-Portland,63433.53,49100,6028,987,.6056,.0596

130493,Southern Connecticut State University,74581.97,48100,8916,933,.5517,.168

175078,Southwest Minnesota State University,56697.45,41400,9027,967,.7454,.0582

232043,Eastern Mennonite University,59648.45,44700,5905,1049,.717,.0884

137953,Trinity Baptist College,58249.91,33300,3671,874,.6051,.2134

147013,McKendree University,58622.67,50200,6809,1025,.6545,.1392

181738,Union College,60804.76,47700,5606,1030,.5178,.0725

231624,College of William and Mary,83534.78999999999,74500,10752,1360,.591,.0708

126562,University of Colorado Denver/Anschutz Medical Campus,74050.41,71200,10031,1077,.4948,.0507

183062,Keene State College,75913.17999999999,45800,9346,977,.865,.0125

139968,Gordon State College,63654.05,34700,5412,853,.5233,.3953

232186,George Mason University,95275.14999999999,63900,10535,1165,.4291,.1092

212832,Gwynedd Mercy University,72929.99000000001,56500,6785,934,.4985,.2006

433660,Florida Gulf Coast University,62394.85,45800,7953,1090,.6533,.0709

220312,Hiwassee College,48143.59,32700,4255,891,.735,.1307

204857,Ohio University-Main Campus,59563.35,45800,9088,1091,.8353,.0537

190691,CUNY York College,55168.11,45300,9505,885,.0584,.3754

230959,Middlebury College,77169.17,71900,10947,1394,.6446,.0346

218061,Francis Marion University,49042.79,36900,7525,927,.4744,.4405

233921,Virginia Polytechnic Institute and State University,77607.85000000001,67100,10988,1210,.6654,.0397

152530,Taylor University,68822.46000000001,42600,6651,1138,.8298,.0336

227331,Our Lady of the Lake University,52505.04,42500,6978,929,.1086,.0777

181446,Nebraska Wesleyan University,59199.51,52500,6340,1105,.8305,.0252

123572,Sonoma State University,75511.05,53200,9390,990,.4624,.0222

443410,DigiPen Institute of Technology,70283.94,82400,8492,1242,.3904,.0113

217420,Rhode Island College,61569.63,43900,7957,903,.6112,.0893

154004,Morningside College,54990.75,47900,6728,1070,.7867,.0152

161235,University of Maine at Fort Kent,44056.6,37700,6553,890,.7621,.0372

168546,Albion College,71425.7,55700,7341,1067,.7064,.0926

236230,Pacific Lutheran University,65366.76,53500,7405,1116,.6574,.0296

232681,University of Mary Washington,83782.23,56200,7646,1114,.7043,.072

196033,SUNY College of Agriculture and Technology at Cobleskill,60485.06,39500,6605,1011,.7028,.122

110705,University of California-Santa Barbara,73046.19,62400,14851,1281,.3344,.021

162584,Frostburg State University,70221.41,47200,7087,970,.5327,.3206

127060,University of Denver,78120.25999999999,65400,10680,1262,.694,.02

207041,East Central University,40365.08,42200,5476,948,.5476,.0351

200484,Trinity Bible College and Graduate School,50788.22,31700,3811,917,.7196,.0794

231420,Averett University,58009.31,49000,5936,902,.578,.318

150136,Ball State University,62817.43,44600,7381,1057,.8035,.0784

161022,Maine College of Health Professions,51663.03,53100,6610,905,.9545,.0065

159647,Louisiana Tech University,46738.12,49200,7273,1105,.6908,.1388

133872,Adventist University of Health Sciences,60028.37,58200,7465,917,.4075,.1583

120184,Notre Dame de Namur University,89560.16,63900,8401,913,.2312,.0682

126614,University of Colorado Boulder,81327.64999999999,59700,11110,1229,.6860000000000001,.0163

215114,Cairn University-Langhorne,69912.00999999999,38700,5610,1027,.7103,.1324

139250,College of Coastal Georgia,50342.2,32800,5942,896,.644,.2032

173665,Hamline University,70958.03999999999,55500,7434,1104,.7023,.0628

175980,Millsaps College,56763.17,54500,7714,1161,.7134,.1414

232256,Hampden-Sydney College,68823.49000000001,59000,8081,1122,.8403,.0467

159568,Louisiana College,46322.14,48300,5643,970,.6244,.2938

159717,McNeese State University,47295.56,45000,6629,1027,.6719000000000001,.1779

238430,Cardinal Stritch University,64348.07,55400,5934,954,.481,.1976

211477,Central Penn College,56698.35,37700,5223,778,.5918,.2584

228778,The University of Texas at Austin,72284.10000000001,73900,8889,1289,.4237,.0419

166513,University of Massachusetts-Lowell,76546.63,57200,11704,1172,.6327,.0605

154350,Simpson College,60274.33,51200,6770,1103,.8538,.0249

212106,Duquesne University,61274.66,68200,9007,1165,.8046,.053

185828,New Jersey Institute of Technology,75892.84,70300,11769,1204,.3417,.0818

212133,Eastern University,68457.57000000001,48100,6344,1029,.4866,.2112

200253,Minot State University,47057.03,46900,6143,975,.6563,.0585

195164,St Bonaventure University,64352.24,52700,5708,1061,.6894,.0584

218821,Spartanburg Methodist College,53658.08,35000,5726,865,.5639,.3315

213783,Mansfield University of Pennsylvania,51271.33,41300,9661,965,.8138,.098

235167,The Evergreen State College,63843.36,36900,8008,1056,.6626,.0496

184694,Fairleigh Dickinson University-Florham Campus,80740.5,54400,9456,1030,.5634,.1067

174783,Saint Cloud State University,66422.48,48600,9314,991,.6949,.0715

196006,SUNY College of Technology at Alfred,55015.93,45500,5873,960,.7311,.125

147828,Olivet Nazarene University,66225.19,44000,6893,1099,.7897,.0797

190150,Columbia University in the City of New York,76971.14999999999,115600,18089,1496,.3724,.0742

228875,Texas Christian University,76266.48,62600,10947,1223,.7218,.0505

190150,Columbia University in the City of New York,76971.14999999999,115600,18089,1496,.3724,.0742

190415,Cornell University,80346.48,101200,14492,1436,.3955,.0634

203775,Malone University,58701.03,48100,6350,1017,.8028999999999999,.1221

203757,Lourdes University,59351.8,41300,5367,989,.702,.114

150400,DePauw University,72050.75,66100,9415,1187,.6889,.0558

186867,Stevens Institute of Technology,83951.71000000001,91900,12620,1360,.6667999999999999,.0206

141185,Toccoa Falls College,59357.86,32200,5286,962,.7588,.0791

229780,Wayland Baptist University,52818.65,47200,5134,908,.402,.1667

165936,Gordon College,80002.32000000001,47700,8014,1074,.6934,.0503

215284,University of Pittsburgh-Johnstown,58452.18,61200,7053,1027,.8481,.0398

196149,SUNY Cortland,68027.03,49200,6505,1073,.7258,.0604

199148,University of North Carolina at Greensboro,60658.11,40900,8384,1054,.5103,.2793

196413,Syracuse University,75289.41,69200,11329,1204,.5634,.0782

202763,The University of Findlay,61890.4,49100,7262,1047,.8094,.0364

209056,Lewis & Clark College,69786.28999999999,55000,9885,1290,.6586,.0231

122436,University of San Diego,79883.39,71100,12246,1237,.5203,.035

218539,Presbyterian College,62666.83,50800,7729,1118,.7642,.1305

207388,Oklahoma State University-Main Campus,55237.91,55300,9073,1101,.6850000000000001,.0483

233426,Roanoke College,74630.57000000001,52000,7610,1091,.8222,.056

139630,Emmanuel College,50422.48,35400,5100,943,.6778999999999999,.1442

190549,CUNY Brooklyn College,49392.3,48800,10251,1105,.3108,.2149

238430,Cardinal Stritch University,64348.07,55400,5934,954,.481,.1976

178697,College of the Ozarks,46804.8,35300,7322,1071,.9233,.0079

154712,Benedictine College,64485.18,45000,6720,1116,.7774,.032

219949,Cumberland University,59163.95,43000,5149,988,.5953000000000001,.1308

181853,York College,57118.86,39000,5240,934,.5525,.1775

176406,Tougaloo College,44758.77,32400,4809,954,.0048,.9857

157377,Midway University,50374.83,37400,6212,967,.7734,.0896

172334,Spring Arbor University,61521.97,45000,5226,1029,.7587,.1053

166452,Lesley University,73324.38,40500,8116,1064,.6393,.0681

121309,Point Loma Nazarene University,71269.62,54400,9988,1149,.5512,.0234

194824,Rensselaer Polytechnic Institute,74851.88,86000,12436,1365,.5674,.0335

215293,University of Pittsburgh-Pittsburgh Campus,58452.18,61200,10479,1298,.7258,.053

219082,Dakota State University,52093.19,43100,7377,1029,.8321,.0408

178624,Northwest Missouri State University,55791.06,43700,6954,1047,.7969000000000001,.0634

140720,Paine College,51038.61,29700,4455,745,.0239,.8783

166683,Massachusetts Institute of Technology,77426.3,153600,17545,1519,.3511,.0599

237066,Whitworth University,63739.65,48000,7073,1143,.7241,.0197

193353,Mount Saint Mary College,74923.28,51700,8352,991,.6349,.0755

143288,Blackburn College,56165.33,41700,5822,968,.7665999999999999,.1227

217864,Citadel Military College of South Carolina,66736.53,59600,8572,1052,.7601,.0913

201104,Ashland University,64491.65,42900,6901,1051,.7614,.1304

224004,Concordia University Texas,72128.5,51300,6803,984,.4282,.1218

210775,Alvernia University,60334.44,47300,7018,986,.7025,.1101

143048,School of the Art Institute of Chicago,72806.39,40800,9651,1127,.3466,.0341

131159,American University,81657.17,67700,11386,1262,.5864,.0702

212601,Gannon University,54310.26,55100,7594,1041,.7423999999999999,.0458

155414,Kansas Wesleyan University,54592.99,43300,5875,1003,.6578000000000001,.115

125897,Woodbury University,60713.37,52100,7108,1012,.3137,.0317

182670,Dartmouth College,79834.73,110200,15009,1441,.4979,.0693

133809,Florida College,63903.31,42700,6838,1068,.7691,.0577

156125,Wichita State University,60078.99,45400,7573,1102,.6135,.0579

150604,Franklin College,61682.88,46300,6614,991,.8421,.0482

174792,Saint Johns University,71469.52,67100,8374,1134,.7948,.0462

122597,San Francisco State University,77495.50999999999,54700,10045,979,.1937,.049

104151,Arizona State University-Tempe,69074.33,55500,11068,1147,.5081,.0384

204857,Ohio University-Main Campus,59563.35,45800,9088,1091,.8353,.0537

166629,University of Massachusetts-Amherst,78424.73,57700,12298,1234,.6564,.0386

191649,Hofstra University,86369.03,59900,13157,1177,.5646,.0809

121345,Pomona College,76544.99000000001,77300,12864,1442,.3756,.0802

174747,College of Saint Benedict,70918.96000000001,57000,8283,1134,.7835,.0306

117946,Loyola Marymount University,78631.92999999999,71600,11143,1244,.4443,.0632

140234,LaGrange College,61341.56,45700,6205,1021,.714,.2251

214670,Pennsylvania State University-Penn State Lehigh Valley,63381.69,57200,7043,1051,.6077,.0645

200253,Minot State University,47057.03,46900,6143,975,.6563,.0585

195809,St John's University-New York,69749.7,62400,12260,1089,.3684,.1736

207865,Southwestern Oklahoma State University,44610.73,48200,6861,990,.6444,.0435

168786,Aquinas College,64829.33,42400,6043,1090,.7857,.0349

232089,Ferrum College,59937.19,41100,6087,865,.4942,.3445

196185,SUNY Oneonta,67183.32000000001,46700,6597,1082,.7665,.0375

207041,East Central University,40365.08,42200,5476,948,.5476,.0351

177117,Cottey College,61289.57,34700,6443,1059,.6325,.0495

218672,University of South Carolina-Lancaster,48078.93,53900,6083,866,.6398,.1719

120865,Pacific Union College,69255.78,61700,5831,986,.2264,.0886

164173,Stevenson University,74334.53999999999,54600,8971,1022,.5624,.2713

377564,University of Washington-Tacoma Campus,69752.39999999999,69600,9588,975,.4193,.0724

186867,Stevens Institute of Technology,83951.71000000001,91900,12620,1360,.6667999999999999,.0206

164988,Boston University,83140.67999999999,75900,13130,1328,.4096,.0382

187985,University of New Mexico-Main Campus,49538.77,43900,8917,1038,.3408,.0248

217688,Charleston Southern University,57179.15,40600,5591,1021,.6172,.2592

196042,Farmingdale State College,86057.23,55800,8155,974,.5903,.0979

219356,South Dakota State University,53049.11,50200,8173,1069,.872,.0188

184603,Fairleigh Dickinson University-Metropolitan Campus,80740.5,54400,8983,965,.2339,.1099

237118,Alderson Broaddus University,44559.33,47000,5012,963,.6975,.1821

183071,University of New Hampshire at Manchester,77484.55,57700,9559,1101,.7275,.0112

232609,University of Lynchburg,73876.57000000001,48800,7464,1023,.7339,.1161

171100,Michigan State University,72140.17999999999,63200,11413,1194,.6726,.07

196112,SUNY Polytechnic Institute,53376.47,55900,9435,1170,.7753,.0545

225399,Houston Baptist University,72476.33,52300,6934,1057,.2603,.1824

175980,Millsaps College,56763.17,54500,7714,1161,.7134,.1414

199698,St. Andrews University,64861.88,40100,5187,906,.4143,.1684

204501,Oberlin College,76190.10000000001,45500,10956,1364,.6611,.0539

196112,SUNY Polytechnic Institute,53376.47,55900,9435,1170,.7753,.0545

157401,Murray State University,48948.11,42300,7050,1101,.8108,.0695

178697,College of the Ozarks,46804.8,35300,7322,1071,.9233,.0079

155511,McPherson College,59250.54,43500,5853,1011,.6785,.1091

126775,Colorado School of Mines,74353.28,95600,10964,1354,.7447,.0103

133526,Edward Waters College,47937.99,28700,5006,808,.0413,.8868

224147,Texas A & M University-Corpus Christi,54287.8,48600,7938,953,.3634,.0667

164720,Becker College,68777.13,49400,7721,1037,.7063,.0774

433660,Florida Gulf Coast University,62394.85,45800,7953,1090,.6533,.0709

215770,Saint Joseph's University,79940.44,65900,10121,1147,.7859,.0639

167899,Springfield College,64281.13,48500,7991,1045,.7992,.0558

225414,University of Houston-Clear Lake,67975.00999999999,52900,9025,1017,.4189,.081

179159,Saint Louis University,72169.74000000001,64900,9834,1259,.6834,.0634

193973,Niagara University,60954.17,45300,8536,1042,.7171999999999999,.0506

209409,Northwest Christian University,52696.79,45700,5600,971,.746,.0465

136215,Nova Southeastern University,62876.89,55600,9907,1127,.3296,.1617

204264,Muskingum University,57566.05,43500,9172,1009,.7904,.0461

206622,Xavier University,68472.8,58200,8597,1146,.7213000000000001,.0931

139630,Emmanuel College,50422.48,35400,5100,943,.6778999999999999,.1442

123572,Sonoma State University,75511.05,53200,9390,990,.4624,.0222

227331,Our Lady of the Lake University,52505.04,42500,6978,929,.1086,.0777

230728,Utah State University,60534.36,49600,8837,1087,.8197,.0091

120865,Pacific Union College,69255.78,61700,5831,986,.2264,.0886

215929,University of Scranton,73943.5,62300,9929,1137,.8057,.0192

212160,Edinboro University of Pennsylvania,52799.06,38100,9470,945,.8087,.0771

180489,The University of Montana,50573.68,43300,7405,1072,.7923,.0102

198385,Davidson College,76036.21000000001,71100,11820,1353,.6739000000000001,.0676

139630,Emmanuel College,50422.48,35400,5100,943,.6778999999999999,.1442

237899,West Virginia State University,48790.55,33800,6096,927,.589,.1516

214740,Pennsylvania State University-Penn State DuBois,63381.69,57200,7492,1000,.9350000000000001,.0172

178697,College of the Ozarks,46804.8,35300,7322,1071,.9233,.0079

174783,Saint Cloud State University,66422.48,48600,9314,991,.6949,.0715

183044,University of New Hampshire-Main Campus,77484.55,57700,11483,1101,.8139999999999999,.0131

228802,The University of Texas at Tyler,53622.93,50500,8256,1050,.5849,.0973

141574,University of Hawaii at Manoa,71646.27,51800,11561,1075,.17,.0148

229063,Texas Southern University,53781.71,37600,7714,814,.0297,.7815

214786,Pennsylvania State University-Penn State Greater Allegheny,63381.69,57200,8152,989,.6019,.2132

146339,Judson University,75944.27,47200,5834,1020,.533,.1077

172699,Western Michigan University,69141.32000000001,50500,9642,1030,.7114,.1257

209056,Lewis & Clark College,69786.28999999999,55000,9885,1290,.6586,.0231

177214,Drury University,45736.92,36200,6343,1142,.8376,.0365

193654,The New School,75464.08,55200,10889,1158,.3297,.0548

219578,Aquinas College,64143.08,48700,6131,1143,.7524999999999999,.0635

183044,University of New Hampshire-Main Campus,77484.55,57700,11483,1101,.8139999999999999,.0131

204936,Otterbein University,67882,46900,7406,1106,.7813,.06

173920,Minnesota State University-Mankato,66314.89,48400,9170,1029,.748,.0522

225399,Houston Baptist University,72476.33,52300,6934,1057,.2603,.1824

190044,Clarkson University,62331.73,74200,10515,1190,.8275,.0236

184782,Rowan University,76692.58,55400,9197,1125,.6753,.1045

208488,Concordia University-Portland,63433.53,49100,6028,987,.6056,.0596

232982,Old Dominion University,63797.48,48700,8943,1010,.4625,.2909

227429,Paul Quinn College,52585.23,29800,5400,844,.0117,.7377

156213,Asbury University,61842.48,40700,6520,1124,.8158,.0354

202480,University of Dayton,75690.27,61400,8487,1185,.793,.0278

118693,Menlo College,80580.14999999999,59700,12906,1010,.263,.0597

149505,Trinity Christian College,74534.57000000001,44600,6661,1081,.6516,.0894

141486,Chaminade University of Honolulu,72476.63,41000,7929,976,.166,.0781

232423,James Madison University,81580.49000000001,63300,8421,1125,.7537,.0459

178420,University of Missouri-St Louis,64068.51,49200,8486,1101,.6308,.1775

223232,Baylor University,73627.32000000001,58400,9468,1246,.6397,.0658

129941,University of New Haven,77310.14999999999,54600,10038,1043,.6157,.1118

139393,Covenant College,63670.68,46700,7380,1191,.8624000000000001,.0275

151388,Indiana University-East,51277.14,34800,6210,949,.864,.0438

232265,Hampton University,65714.12,50100,6834,973,.0129,.9549

201061,Art Academy of Cincinnati,69050.69,30100,5547,970,.7413,.1493

163462,Mount St. Mary's University,81781.05,56600,7617,1043,.675,.1316

214634,Pennsylvania State University-Penn State Shenango,63381.69,57200,7113,961,.8541,.0849

199607,Salem College,59058,37400,5883,1104,.5554,.2065

236133,Northwest University,71872.75,46300,6644,1061,.6878,.0535

123961,University of Southern California,76787.41,88800,13760,1395,.3986,.0444

214272,Neumann University,69149.16,47200,6801,888,.5342,.2278

122931,Santa Clara University,93581.09,85300,12359,1321,.4883,.0335

199698,St. Andrews University,64861.88,40100,5187,906,.4143,.1684

181446,Nebraska Wesleyan University,59199.51,52500,6340,1105,.8305,.0252

123572,Sonoma State University,75511.05,53200,9390,990,.4624,.0222

123457,Simpson University,55586.54,39900,6396,985,.5914,.0393

138293,Webber International University,55372.47,40100,4300,897,.3707,.2557

102094,University of South Alabama,51919.71,46800,7254,1011,.5738,.2203

149514,Trinity International University-Illinois,72368.27,45400,7472,1079,.6482,.1314

201690,Central State University,48898.06,28600,6509,801,.0123,.9425

215691,Rosemont College,57790.62,46700,5114,899,.3831,.3945

178244,Missouri Baptist University,62761.71,39200,5514,968,.6742,.1266

150677,Grace College and Theological Seminary,63627.14,37500,7259,1076,.8018,.0602

129941,University of New Haven,77310.14999999999,54600,10038,1043,.6157,.1118

215099,Jefferson (Philadelphia University + Thomas Jefferson University),73972.42,54800,8270,1052,.5477,.1667

181297,Nebraska Methodist College of Nursing & Allied Health,66507.50999999999,50600,5622,1050,.861,.0436

227757,Rice University,77707.58,91600,15378,1490,.3661,.0691

218414,Newberry College,57421.47,37600,5460,943,.5644,.2606

173902,Macalester College,71692.75,55800,10179,1378,.6433,.0278

186201,Ramapo College of New Jersey,88597.61,56300,9747,1082,.6421,.0522

150604,Franklin College,61682.88,46300,6614,991,.8421,.0482

199607,Salem College,59058,37400,5883,1104,.5554,.2065

239017,Lawrence University,74097.25,48700,7831,1280,.6768,.0378

210429,Western Oregon University,59410.15,43400,6148,953,.6345,.0385

173045,Augsburg University,72224.74000000001,53200,7477,1031,.4659,.1091

140960,Savannah State University,54220.88,35000,5714,823,.0341,.8476

212984,Holy Family University,61868.46,54300,7118,930,.6157,.116

237358,Davis & Elkins College,46441.47,40200,5737,954,.6212,.0536

128106,Colorado State University-Pueblo,54713.6,41600,6548,969,.4769,.0736

198464,East Carolina University,57608.05,45800,8590,1040,.6764,.1589

100654,Alabama A & M University,49720.22,35500,7028,849,.0256,.9129

239390,Mount Mary University,62361.14,43000,6012,970,.4938,.1852

237950,West Virginia University Institute of Technology,43154.68,52700,7248,1000,.7268,.0748

187967,New Mexico Institute of Mining and Technology,52104.89,58500,8199,1195,.5144,.0178

150400,DePauw University,72050.75,66100,9415,1187,.6889,.0558

157401,Murray State University,48948.11,42300,7050,1101,.8108,.0695

105899,Arizona Christian University,65520.64,34900,5471,963,.5117,.1506

164924,Boston College,83893.95,92500,14619,1378,.6197,.0377

134130,University of Florida,60120.16,65700,11294,1287,.5586,.0611

151342,Indiana University-South Bend,59249.25,38100,6201,952,.7288,.0761

177214,Drury University,45736.92,36200,6343,1142,.8376,.0365

202134,Cleveland State University,57782.89,46400,9248,1029,.6339,.1749

211088,Arcadia University,72830.78,48000,8018,1120,.6654,.087

127741,University of Northern Colorado,72445.42999999999,47100,7813,1031,.5847,.0391

206613,Wright State University-Lake Campus,61970.64,46100,9296,1005,.9171,.0298

163268,University of Maryland-Baltimore County,83010.28999999999,59600,9987,1216,.4288,.1751

169798,Eastern Michigan University,69989,43900,9389,1030,.6451,.1968

174251,University of Minnesota-Morris,63548.87,44400,7102,1145,.6018,.0202

199582,Saint Augustine's University,57856.71,30000,4843,712,.0148,.8898

213826,Marywood University,58125.99,43200,7877,1030,.7859,.0257

230834,Castleton University,61392.97,40800,6492,965,.8342000000000001,.018

207500,University of Oklahoma-Norman Campus,59522.71,61900,9449,1189,.6128,.0489

229027,The University of Texas at San Antonio,63798.29,49600,8823,1033,.2428,.0928

193645,The College of New Rochelle,41804.07,38400,6659,937,.0739,.3957

145637,University of Illinois at Urbana-Champaign,77278.03999999999,70900,11827,1320,.4661,.0593

233295,Randolph-Macon College,76295.38,54800,7992,1091,.7845,.0847

175078,Southwest Minnesota State University,56697.45,41400,9027,967,.7454,.0582

225399,Houston Baptist University,72476.33,52300,6934,1057,.2603,.1824

126614,University of Colorado Boulder,81327.64999999999,59700,11110,1229,.6860000000000001,.0163

127185,Fort Lewis College,61685.3,39400,7152,1014,.4987,.0105

127060,University of Denver,78120.25999999999,65400,10680,1262,.694,.02

198747,John Wesley University,56922,40300,4317,963,.4634,.2602

137476,St Thomas University,56846.82,60500,10232,930,.0954,.2026

200572,Valley City State University,48927.68,41700,5907,985,.8225,.0355

196051,Morrisville State College,55475.93,38400,5983,881,.6705,.1852

136215,Nova Southeastern University,62876.89,55600,9907,1127,.3296,.1617

204176,Mount Carmel College of Nursing,68565.22,58100,6457,990,.8596,.0778

170082,Grand Valley State University,67198.25,47200,6693,1089,.8213,.0518

236896,Walla Walla University,59374.31,50900,5256,1074,.6474,.0304

221351,Rhodes College,73395.81,64800,8307,1291,.7212,.0768

187967,New Mexico Institute of Mining and Technology,52104.89,58500,8199,1195,.5144,.0178

174251,University of Minnesota-Morris,63548.87,44400,7102,1145,.6018,.0202

147660,North Central College,86906.75999999999,52300,8457,1123,.6801,.0381

156365,Campbellsville University,47586.61,35400,5135,1008,.7113,.1268

123165,Scripps College,79153.99000000001,61800,11227,1353,.5243,.0408

110510,California State University-San Bernardino,59070.9,48800,9284,877,.1272,.0572

168528,Adrian College,66915.10000000001,42800,7880,1003,.7045,.0709

166674,Massachusetts College of Art and Design,75629.56,40700,10250,1069,.6296,.04

237899,West Virginia State University,48790.55,33800,6096,927,.589,.1516

169798,Eastern Michigan University,69989,43900,9389,1030,.6451,.1968

240329,University of Wisconsin-La Crosse,64374,52500,7075,1145,.8938,.0081

152381,Saint Mary-of-the-Woods College,56558.81,31900,5306,928,.7909,.051

216357,Thiel College,54604.75,41700,6283,927,.7544,.1375

240462,University of Wisconsin-Platteville,61602.16,51200,6533,1090,.8998,.012

110671,University of California-Riverside,68292.12,55300,12510,1078,.124,.0414

178624,Northwest Missouri State University,55791.06,43700,6954,1047,.7969000000000001,.0634

196103,SUNY College of Environmental Science and Forestry,63414.84,49800,8409,1157,.8013,.0149

177339,Evangel University,58696.81,40900,6412,1063,.8061,.0377

215293,University of Pittsburgh-Pittsburgh Campus,58452.18,61200,10479,1298,.7258,.053

164580,Babson College,82978.89,113300,16623,1281,.3828,.0517

179159,Saint Louis University,72169.74000000001,64900,9834,1259,.6834,.0634

193353,Mount Saint Mary College,74923.28,51700,8352,991,.6349,.0755

157535,University of Pikeville,35782.96,39000,5995,927,.853,.0983

205443,Shawnee State University,43961.17,37500,6663,990,.8575,.0596

196194,SUNY College at Oswego,60525.69,47100,6804,1102,.7239,.0841

139144,Berry College,70464.52,43900,7827,1183,.8117,.0443

133650,Florida Agricultural and Mechanical University,52786.24,44700,8385,1001,.0349,.898

155812,University of Saint Mary,62613.14,42500,6686,1005,.5752,.0915

218229,Lander University,52256.85,38100,6227,964,.5941,.2901

190761,Dominican College of Blauvelt,77440.46000000001,52500,8168,890,.3498,.1615

216852,Widener University,69397.52,59100,8180,1040,.7030999999999999,.1201

173124,Bemidji State University,55158.96,44000,8417,1030,.8398,.0204

215770,Saint Joseph's University,79940.44,65900,10121,1147,.7859,.0639

180522,Montana State University-Northern,43741.63,40400,5594,910,.7586000000000001,.0272

227757,Rice University,77707.58,91600,15378,1490,.3661,.0691

443410,DigiPen Institute of Technology,70283.94,82400,8492,1242,.3904,.0113

199412,Queens University of Charlotte,69597.25,49400,7177,1061,.5658,.1589

198695,High Point University,63207.13,42900,7275,1094,.78,.0541

141486,Chaminade University of Honolulu,72476.63,41000,7929,976,.166,.0781

127741,University of Northern Colorado,72445.42999999999,47100,7813,1031,.5847,.0391

190761,Dominican College of Blauvelt,77440.46000000001,52500,8168,890,.3498,.1615

137476,St Thomas University,56846.82,60500,10232,930,.0954,.2026

131450,Gallaudet University,65746.56,34300,10127,827,.5296999999999999,.1556

168254,Western New England University,76363.81,61300,9262,1096,.7346,.0582

196051,Morrisville State College,55475.93,38400,5983,881,.6705,.1852

161554,University of Southern Maine,58065.5,44400,8946,984,.8058,.048

176017,University of Mississippi,53374.26,56600,9042,1155,.7796,.131

156365,Campbellsville University,47586.61,35400,5135,1008,.7113,.1268

214175,Muhlenberg College,89504.61,65300,8709,1241,.7549,.0349

110608,California State University-Northridge,64055.44,49700,9350,918,.2195,.0476

217934,Columbia College,56463.66,36200,6340,972,.553,.3299

203517,Kent State University at Kent,59479.84,42400,8800,1067,.7481,.089

203535,Kenyon College,77995.25,54500,8659,1359,.7299,.035

118888,Mills College,71756.45,49500,10706,1109,.4493,.0928

198899,Mars Hill University,56558.51,33800,5114,935,.6572,.2033

234076,University of Virginia-Main Campus,79524.13,79400,13564,1362,.5929,.065

189705,Canisius College,61812.51,51100,7697,1103,.7282999999999999,.0828

217882,Clemson University,64586.36,58900,9887,1269,.831,.0683

163912,St Mary's College of Maryland,85886.58,55200,7323,1140,.6876,.0875

107558,University of the Ozarks,51329.59,38600,6502,999,.5908,.0655

213613,Lock Haven University,55815.84,43400,10063,946,.837,.0919

200253,Minot State University,47057.03,46900,6143,975,.6563,.0585

204936,Otterbein University,67882,46900,7406,1106,.7813,.06

130314,University of Saint Joseph,74607,52900,8142,985,.5469000000000001,.1566

200253,Minot State University,47057.03,46900,6143,975,.6563,.0585

238661,Edgewood College,68115.77,47600,5856,1069,.7895,.0254

166452,Lesley University,73324.38,40500,8116,1064,.6393,.0681

228246,Southern Methodist University,82038.46000000001,77900,12292,1330,.6493,.0493

137847,The University of Tampa,71934.52,55100,8842,1097,.597,.0516

123457,Simpson University,55586.54,39900,6396,985,.5914,.0393

189705,Canisius College,61812.51,51100,7697,1103,.7282999999999999,.0828

198561,Gardner-Webb University,54757.84,41600,6881,987,.6568000000000001,.1517

139959,University of Georgia,71225.06,59100,10885,1262,.7027,.0762

238476,Carthage College,76392.24000000001,50100,8096,1101,.6998,.0517

198871,Louisburg College,57472.96,30000,4560,798,.2394,.5635

126614,University of Colorado Boulder,81327.64999999999,59700,11110,1229,.6860000000000001,.0163

170037,Cornerstone University,63718.46,40800,5732,1009,.771,.1261

226231,LeTourneau University,63985.71,56800,6862,1150,.616,.09

221397,Roane State Community College,44967.61,32600,6029,930,.8653,.0271

183044,University of New Hampshire-Main Campus,77484.55,57700,11483,1101,.8139999999999999,.0131

171100,Michigan State University,72140.17999999999,63200,11413,1194,.6726,.07

215929,University of Scranton,73943.5,62300,9929,1137,.8057,.0192

110422,California Polytechnic State University-San Luis Obispo,74683.78,74300,9628,1270,.5648,.0072

179946,Westminster College,62575.25,49800,5999,1087,.7083,.0694

201441,Bowling Green State University-Main Campus,63749.73,45300,8544,1012,.7733,.0952

196033,SUNY College of Agriculture and Technology at Cobleskill,60485.06,39500,6605,1011,.7028,.122

204194,Mount Vernon Nazarene University,60597.42,50000,6172,1050,.8512,.0436

199157,North Carolina Central University,57501.19,35300,8027,873,.0663,.8123

153278,University of Dubuque,58943.3,42500,6664,923,.6091,.1393

229780,Wayland Baptist University,52818.65,47200,5134,908,.402,.1667

161086,Colby College,80130.48,71000,11759,1383,.6179,.0373

217998,Erskine College,57374.47,41500,4784,1028,.5328000000000001,.1066

230038,Brigham Young University-Provo,64914.81,71500,10526,1293,.8262,.0053

153621,Iowa Wesleyan University,55010.75,39900,5640,917,.3981,.1635

228529,Tarleton State University,55170.11,47700,7689,959,.6687,.0834

154235,Saint Ambrose University,63314.56,50500,7220,1050,.7788,.0415

211431,Carlow University,52873.76,44200,6805,982,.6395999999999999,.1945

199139,University of North Carolina at Charlotte,65762.02,50300,9092,1112,.5896,.1627

155317,University of Kansas,70891.42,59300,10003,1185,.7158,.042

172699,Western Michigan University,69141.32000000001,50500,9642,1030,.7114,.1257

199218,University of North Carolina Wilmington,62176.12,46600,8391,1137,.7786999999999999,.0478

156295,Berea College,47532.74,36300,7717,1123,.5862000000000001,.1489

150774,Holy Cross College,72725.39,45300,5201,1053,.637,.1221

237330,Concord University,41360.98,35700,6249,972,.8507,.0646

187985,University of New Mexico-Main Campus,49538.77,43900,8917,1038,.3408,.0248

151351,Indiana University-Bloomington,70094.49000000001,57800,10177,1200,.7033,.0436

167783,Simmons College,77652.59,58400,7837,1179,.6615,.0719

215062,University of Pennsylvania,78252,131600,16796,1481,.4479,.0748

207500,University of Oklahoma-Norman Campus,59522.71,61900,9449,1189,.6128,.0489

231420,Averett University,58009.31,49000,5936,902,.578,.318

217402,Providence College,83293.64999999999,73400,9850,1145,.766,.0411

209056,Lewis & Clark College,69786.28999999999,55000,9885,1290,.6586,.0231

213020,Indiana University of Pennsylvania-Main Campus,54158.04,44200,9636,946,.7422,.1212

148487,Roosevelt University,70632.13,47700,8221,1012,.4483,.1801

166638,University of Massachusetts-Boston,68463.25,53700,10755,1073,.3477,.1638

237385,Glenville State College,38830.31,38400,5828,901,.7082000000000001,.1693

196033,SUNY College of Agriculture and Technology at Cobleskill,60485.06,39500,6605,1011,.7028,.122

243665,University of the Virgin Islands,59543.61,35500,6755,807,.0534,.7177

240107,Viterbo University,56953.94,47400,6538,1065,.8952,.0167

164580,Babson College,82978.89,113300,16623,1281,.3828,.0517

193353,Mount Saint Mary College,74923.28,51700,8352,991,.6349,.0755

104151,Arizona State University-Tempe,69074.33,55500,11068,1147,.5081,.0384

130226,Quinnipiac University,87986.10000000001,67700,10962,1096,.7631,.0457

139250,College of Coastal Georgia,50342.2,32800,5942,896,.644,.2032

232672,Mary Baldwin University,62187.09,39500,6610,983,.5489000000000001,.2357

150668,Goshen College,61693.43,42400,5428,1074,.6405999999999999,.0416

178396,University of Missouri-Columbia,66484.66,56600,9095,1183,.785,.0777

160074,Franciscan Missionaries of Our Lady University,54007.12,49400,6613,1010,.5975,.1811

203128,Hiram College,63946.73,46900,6181,1017,.6509,.1653

203845,Marietta College,58715.65,57700,6565,1090,.6691,.0511

205957,Franciscan University of Steubenville,66586.03999999999,42700,7483,1157,.8169999999999999,.0069

194578,Pratt Institute-Main,75295.69,48900,10412,1183,.4055,.0447

166513,University of Massachusetts-Lowell,76546.63,57200,11704,1172,.6327,.0605

232672,Mary Baldwin University,62187.09,39500,6610,983,.5489000000000001,.2357

234207,Washington and Lee University,80995.13,93300,12933,1396,.8308,.0192

151263,University of Indianapolis,63891.1,46100,7286,1033,.678,.0922

133711,Flagler College-St Augustine,63843.09,42200,6345,1079,.7821,.0379

157085,University of Kentucky,59287.73,54000,10251,1159,.7554,.0788

209612,Pacific University,64591.02,51400,7934,1122,.5206,.0195

159568,Louisiana College,46322.14,48300,5643,970,.6244,.2938

186371,Rutgers University-Camden,82669.67999999999,68100,10939,1005,.5272,.169

227331,Our Lady of the Lake University,52505.04,42500,6978,929,.1086,.0777

157100,Kentucky Christian University,53919.37,36500,4804,962,.6921,.1104

226471,University of Mary Hardin-Baylor,62566.96,48700,7734,1051,.5651,.1505

113698,Dominican University of California,79219.91,63600,9065,1039,.3428,.0539

232186,George Mason University,95275.14999999999,63900,10535,1165,.4291,.1092

194824,Rensselaer Polytechnic Institute,74851.88,86000,12436,1365,.5674,.0335

107071,Henderson State University,45548.96,40400,5808,1030,.6604,.2346

178420,University of Missouri-St Louis,64068.51,49200,8486,1101,.6308,.1775

192271,LIM College,78436.88,48900,5998,938,.535,.1461

214810,Pennsylvania State University-Penn State Schuylkill,63381.69,57200,8390,934,.6874,.1697

175980,Millsaps College,56763.17,54500,7714,1161,.7134,.1414

217925,Columbia International University,64434.93,31400,4563,1067,.7332,.1141

217688,Charleston Southern University,57179.15,40600,5591,1021,.6172,.2592

164465,Amherst College,82187.64999999999,83300,12751,1451,.428,.1159

191241,Fordham University,77653.14999999999,67000,13473,1281,.5891,.0425

217059,York College of Pennsylvania,73378.64999999999,52200,8972,1042,.8168,.0474

219718,Bethel University,50031.89,43100,3661,930,.516,.3963

178341,Missouri Southern State University,46217,38100,5929,990,.7579,.0652

214759,Pennsylvania State University-Penn State Fayette- Eberly,63381.69,57200,7822,961,.8596,.0447

110705,University of California-Santa Barbara,73046.19,62400,14851,1281,.3344,.021

191931,Iona College,78814.8,60900,9406,1005,.5564,.0981

190567,CUNY City College,48071.31,50900,11063,1120,.1422,.1623

189097,Barnard College,75897.42,69700,12981,1375,.5216,.0645

232025,Emory & Henry College,53554.3,45000,6816,1016,.761,.0936

181093,Grace University,60446.7,34800,4727,981,.7050999999999999,.125

182281,University of Nevada-Las Vegas,70070.97,49600,10201,1012,.3329,.0777

186201,Ramapo College of New Jersey,88597.61,56300,9747,1082,.6421,.0522

100751,The University of Alabama,57928.41,51600,9802,1202,.7841,.1037

219833,Christian Brothers University,61225.91,50000,6625,1125,.4076,.2771

155511,McPherson College,59250.54,43500,5853,1011,.6785,.1091

178679,Ozark Christian College,54292.89,33900,4621,1047,.8379,.0257

176406,Tougaloo College,44758.77,32400,4809,954,.0048,.9857

210429,Western Oregon University,59410.15,43400,6148,953,.6345,.0385

191533,Hartwick College,69362,49500,8159,1004,.6512,.0897

183239,Saint Anselm College,81185.61,63200,8554,1142,.8804999999999999,.0167

187912,New Mexico Military Institute,57975.77,48200,5945,926,.3033,.2014

220604,Le Moyne-Owen College,43059.02,30200,4719,760,0,.9875

127741,University of Northern Colorado,72445.42999999999,47100,7813,1031,.5847,.0391

157058,Kentucky State University,51636.62,31300,6401,907,.2906,.5695

199281,University of North Carolina at Pembroke,49520.51,36400,7077,927,.3666,.3583

233611,Southern Virginia University,65610.53999999999,39100,6189,993,.7393999999999999,.0372

129941,University of New Haven,77310.14999999999,54600,10038,1043,.6157,.1118

154688,Baker University,67758.92,59500,6019,1053,.716,.0949

133650,Florida Agricultural and Mechanical University,52786.24,44700,8385,1001,.0349,.898

173452,Martin Luther College,64939.16,37400,4407,1109,.9361,.0166

157377,Midway University,50374.83,37400,6212,967,.7734,.0896

155937,Sterling College,58015.54,40500,4451,967,.7003,.1186

230047,Brigham Young University-Hawaii,69190.39,49100,9126,1096,.3391,.005

240277,University of Wisconsin-Green Bay,63413.11,44500,6738,1050,.8519,.0178

238324,Bellin College,63205.5,62100,5314,1110,.9448,.0083

225399,Houston Baptist University,72476.33,52300,6934,1057,.2603,.1824

188182,University of the Southwest,45234.87,41000,3186,863,.1623,.1094

169248,Central Michigan University,66048.2,46200,8749,1049,.7766999999999999,.0852

139199,Brenau University,67048.19,45400,7165,973,.4811,.3284

122755,San Jose State University,88589.14,63800,10093,1039,.1783,.0333

150941,Huntington University,63046.08,39000,6272,1019,.842,.0216

155973,Tabor College,57538.37,45500,4352,971,.6573,.095

215798,Saint Vincent College,54143.22,52100,7433,1055,.8502,.0503

214786,Pennsylvania State University-Penn State Greater Allegheny,63381.69,57200,8152,989,.6019,.2132

212832,Gwynedd Mercy University,72929.99000000001,56500,6785,934,.4985,.2006

161873,University of Baltimore,65721.00999999999,63400,10639,924,.3274,.4805

153366,Graceland University-Lamoni,56137.53,40200,5511,971,.6253,.1004

190594,CUNY Hunter College,55390.45,51800,10729,1160,.2476,.104

228778,The University of Texas at Austin,72284.10000000001,73900,8889,1289,.4237,.0419

200572,Valley City State University,48927.68,41700,5907,985,.8225,.0355

140252,Life University,67303.03,47200,7387,927,.4791,.266

185129,New Jersey City University,58259.31,46000,9981,875,.2251,.224

170967,Rochester College,72043.03,39000,5436,989,.6197,.1643

164632,Bay Path University,64235.27,44800,8077,967,.5695,.1294

165644,Eastern Nazarene College,69305.78999999999,46100,5455,986,.5179,.2244

211088,Arcadia University,72830.78,48000,8018,1120,.6654,.087

234155,Virginia State University,59119.77,38400,7564,817,.0161,.6082

213367,La Salle University,67401.72,61100,9352,986,.5135999999999999,.1914

178341,Missouri Southern State University,46217,38100,5929,990,.7579,.0652

209612,Pacific University,64591.02,51400,7934,1122,.5206,.0195

191533,Hartwick College,69362,49500,8159,1004,.6512,.0897

190567,CUNY City College,48071.31,50900,11063,1120,.1422,.1623

197133,Vassar College,80899.17999999999,61500,11572,1409,.5808,.0446

117946,Loyola Marymount University,78631.92999999999,71600,11143,1244,.4443,.0632

139940,Georgia State University,72190.32000000001,48200,8592,1070,.2461,.4178

181464,University of Nebraska-Lincoln,60976.73,52700,10301,1144,.7597,.028

174899,The College of Saint Scholastica,60287.14,56000,6818,1086,.8322000000000001,.0317

151388,Indiana University-East,51277.14,34800,6210,949,.864,.0438

104151,Arizona State University-Tempe,69074.33,55500,11068,1147,.5081,.0384

216931,Wilkes University,56456.55,58600,8911,1022,.7246,.0455

215770,Saint Joseph's University,79940.44,65900,10121,1147,.7859,.0639

150066,Anderson University,64040.72,41300,6472,1019,.8048999999999999,.0858

154688,Baker University,67758.92,59500,6019,1053,.716,.0949

132879,Johnson University Florida,59004.31,31700,7146,972,.7017,.1271

208822,George Fox University,65616.22,51000,7563,1089,.6872,.0142

100830,Auburn University at Montgomery,50723.81,38000,7251,1009,.5125999999999999,.3627

191241,Fordham University,77653.14999999999,67000,13473,1281,.5891,.0425

229018,The University of Texas of the Permian Basin,47475.29,52300,7633,953,.3558,.0614

143358,Bradley University,74072.53999999999,58300,8476,1141,.569,.0484

174491,University of Northwestern-St Paul,70065.41,43400,6109,1104,.8279,.0361

152099,Oakland City University,52931.31,37200,5225,978,.7198,.0726

152390,Saint Mary's College,72879.94,51300,7466,1117,.7728,.0203

177214,Drury University,45736.92,36200,6343,1142,.8376,.0365

228501,Sul Ross State University,40704.93,41400,6167,855,.2472,.0711

151111,Indiana University-Purdue University-Indianapolis,64749.24,50700,8183,1025,.7054,.0994

180522,Montana State University-Northern,43741.63,40400,5594,910,.7586000000000001,.0272

173452,Martin Luther College,64939.16,37400,4407,1109,.9361,.0166

174899,The College of Saint Scholastica,60287.14,56000,6818,1086,.8322000000000001,.0317

232265,Hampton University,65714.12,50100,6834,973,.0129,.9549

198419,Duke University,78468.48,114500,15054,1460,.4557,.0983

153366,Graceland University-Lamoni,56137.53,40200,5511,971,.6253,.1004

123554,Saint Mary's College of California,84232.87,63600,10891,1093,.4593,.0398

232982,Old Dominion University,63797.48,48700,8943,1010,.4625,.2909

120254,Occidental College,75275.66,59400,11180,1315,.4905,.0547

142522,Brigham Young University-Idaho,58959.59,49400,7761,1036,.7618,.0061

150534,University of Evansville,61532.75,48800,8037,1147,.7078,.0315

240268,University of Wisconsin-Eau Claire,64551.11,50300,7347,1110,.8898,.0092

104151,Arizona State University-Tempe,69074.33,55500,11068,1147,.5081,.0384

234030,Virginia Commonwealth University,72221.8,49700,8770,1094,.4827,.1892

236452,Saint Martin's University,61347.58,51600,6448,1029,.5448,.0603

176017,University of Mississippi,53374.26,56600,9042,1155,.7796,.131

228042,Schreiner University,58273.81,44300,6490,998,.4844,.0347

195243,St. Thomas Aquinas College,86845.10000000001,50500,8946,941,.5034999999999999,.1094

100724,Alabama State University,46065.2,30600,7952,825,.0138,.9337

199209,North Carolina Wesleyan College,57249.1,41900,5882,919,.3244,.4378

150400,DePauw University,72050.75,66100,9415,1187,.6889,.0558

121309,Point Loma Nazarene University,71269.62,54400,9988,1149,.5512,.0234

153278,University of Dubuque,58943.3,42500,6664,923,.6091,.1393

174525,Oak Hills Christian College,53222.25,31700,4027,874,.7965,.0796

118888,Mills College,71756.45,49500,10706,1109,.4493,.0928

196088,University at Buffalo,63949.26,62100,10248,1181,.4778,.0737

207306,Northwestern Oklahoma State University,45171.33,41700,5612,970,.6109,.068

148405,Rockford University,64497.21,47800,5731,1011,.6808,.0974

214069,Misericordia University,56588.57,54400,7349,1060,.8831,.0275

196149,SUNY Cortland,68027.03,49200,6505,1073,.7258,.0604

133881,Florida Institute of Technology,68086.59,61200,9365,1179,.4428,.0608

175430,Blue Mountain College,44968.64,29200,5227,972,.8373,.1035

236452,Saint Martin's University,61347.58,51600,6448,1029,.5448,.0603

239628,Ripon College,66802.94,51300,7008,1085,.8278,.0244

153278,University of Dubuque,58943.3,42500,6664,923,.6091,.1393

420574,Arizona State University-Polytechnic,69074.33,55500,8349,1139,.5452,.044

145372,Greenville University,58941.13,39900,5551,999,.6841,.1077

174862,Crown College,68899.21000000001,40100,4901,1006,.7236,.073

168430,Worcester State University,68531.82000000001,52400,8791,1016,.6849,.0797

217961,Converse College,57113.24,34800,6419,1048,.6713,.0868

153658,University of Iowa,63769.8,62000,10874,1165,.6901,.034

142328,Lewis-Clark State College,49266.88,38200,5817,937,.8318,.0118

235097,Eastern Washington University,56952.77,46700,8469,962,.6439,.0363

217402,Providence College,83293.64999999999,73400,9850,1145,.766,.0411

243665,University of the Virgin Islands,59543.61,35500,6755,807,.0534,.7177

152600,Valparaiso University,72576.06,54400,7814,1153,.7157,.0637

194161,Nyack College,61585.03,46700,6778,920,.1987,.2967

135726,University of Miami,71124,72900,11984,1323,.4251,.0786

237932,West Liberty University,46862,39500,6453,965,.7285,.0276

167288,Massachusetts College of Liberal Arts,64342.86,38300,8999,1015,.7443,.0945

229063,Texas Southern University,53781.71,37600,7714,814,.0297,.7815

217998,Erskine College,57374.47,41500,4784,1028,.5328000000000001,.1066

211981,Delaware Valley University,74767.83,44700,7733,990,.7451,.0808

107141,John Brown University,56884.69,55400,6781,1173,.7483,.0283

209065,Linfield College-McMinnville Campus,64098.01,60300,7259,1033,.5983000000000001,.0193

240365,University of Wisconsin-Oshkosh,64650.08,45600,7315,1030,.8539,.0251

140951,Savannah College of Art and Design,71588.69,41400,8876,1086,.5437,.1094

106397,University of Arkansas,52450.53,52700,9298,1170,.7652,.0479

213507,Lebanon Valley College,66307.38,48500,7770,1101,.8284,.0285

146339,Judson University,75944.27,47200,5834,1020,.533,.1077

160658,University of Louisiana at Lafayette,47090.8,46400,8270,1089,.6297,.2044

120865,Pacific Union College,69255.78,61700,5831,986,.2264,.0886

215655,Robert Morris University,59274.33,53100,11274,1050,.7271,.0638

168591,Alma College,61676.21,46500,7308,1087,.7779,.0396

159416,Louisiana State University-Shreveport,47946.96,41000,6449,1048,.5666,.2224

215105,The University of the Arts,75947.63,39100,6903,1033,.6119,.1471

217420,Rhode Island College,61569.63,43900,7957,903,.6112,.0893

234207,Washington and Lee University,80995.13,93300,12933,1396,.8308,.0192

239628,Ripon College,66802.94,51300,7008,1085,.8278,.0244

225399,Houston Baptist University,72476.33,52300,6934,1057,.2603,.1824

201548,Capital University,64246.32,48400,8494,1135,.7481,.0985

234827,Central Washington University,63170.67,50100,7281,1043,.5538,.038

156620,Eastern Kentucky University,47617.36,39300,7049,1049,.8487,.059

137962,Trinity College of Florida,55309.46,33700,4720,827,.4121,.2965

243744,Stanford University,80275.59,141300,22146,1476,.3619,.0639

176053,Mississippi College,52824.92,44900,7419,1122,.6786,.1845

132657,Lynn University,78627.36,46500,5259,984,.4491,.0891

110404,California Institute of Technology,81448.64,106300,19190,1555,.286,.0143

172644,Wayne State University,61912.62,52300,10186,1086,.5819,.1737

202480,University of Dayton,75690.27,61400,8487,1185,.793,.0278

202912,Good Samaritan College of Nursing and Health Science,64113.85,50700,7701,990,.8586,.0968

181127,Hastings College,58174.49,47500,4488,1058,.8131,.0341

165820,Fitchburg State University,71253.32000000001,47400,9077,990,.7131999999999999,.0962

198543,Fayetteville State University,49808.38,34600,8537,888,.1863,.6443

102270,Stillman College,46186.31,33700,5060,765,.0382,.9506

198419,Duke University,78468.48,114500,15054,1460,.4557,.0983

196097,Stony Brook University,76205.23,62600,11093,1268,.3503,.0653

211431,Carlow University,52873.76,44200,6805,982,.6395999999999999,.1945

173142,Bethany Lutheran College,62776.68,37600,6509,1080,.8421,.0253

185262,Kean University,76062.13,48400,8820,921,.3474,.1938

165644,Eastern Nazarene College,69305.78999999999,46100,5455,986,.5179,.2244

196219,SUNY at Purchase College,76919.71000000001,41300,7221,1077,.5265,.111

131159,American University,81657.17,67700,11386,1262,.5864,.0702

216010,Shippensburg University of Pennsylvania,63560.54,48200,10279,970,.7667,.1117

194958,Roberts Wesleyan College,60753.22,45700,6391,1057,.7282999999999999,.1051

204200,Mount Saint Joseph University,64120.45,44600,6321,1011,.7912,.1143

111948,Chapman University,73437.32000000001,56600,12394,1225,.5674,.0178

156620,Eastern Kentucky University,47617.36,39300,7049,1049,.8487,.059

233897,The University of Virginia's College at Wise,48782.99,43800,7232,963,.7696,.1097

171137,University of Michigan-Dearborn,67620.59,56200,9274,1125,.6837,.0932

213507,Lebanon Valley College,66307.38,48500,7770,1101,.8284,.0285

222831,Angelo State University,49632.36,46300,7121,979,.5066000000000001,.0873

235167,The Evergreen State College,63843.36,36900,8008,1056,.6626,.0496

153384,Grinnell College,70311.10000000001,61000,9549,1410,.5208,.0591

160904,Xavier University of Louisiana,55657.89,64500,8478,1054,.0271,.7981

230959,Middlebury College,77169.17,71900,10947,1394,.6446,.0346

196149,SUNY Cortland,68027.03,49200,6505,1073,.7258,.0604

168263,Westfield State University,72419.11,48900,9372,992,.7565,.0462

228501,Sul Ross State University,40704.93,41400,6167,855,.2472,.0711

181464,University of Nebraska-Lincoln,60976.73,52700,10301,1144,.7597,.028

212832,Gwynedd Mercy University,72929.99000000001,56500,6785,934,.4985,.2006

126818,Colorado State University-Fort Collins,73818.06,53400,9480,1159,.7316,.0235

183062,Keene State College,75913.17999999999,45800,9346,977,.865,.0125

194824,Rensselaer Polytechnic Institute,74851.88,86000,12436,1365,.5674,.0335

113698,Dominican University of California,79219.91,63600,9065,1039,.3428,.0539

233541,Shenandoah University,74666.57000000001,52300,7675,1009,.5673,.1198

219383,University of Sioux Falls,57493.05,44800,6373,1050,.8699,.0456

110705,University of California-Santa Barbara,73046.19,62400,14851,1281,.3344,.021

203128,Hiram College,63946.73,46900,6181,1017,.6509,.1653

200217,University of Mary,50623.12,53000,5993,1067,.8214,.0172

238476,Carthage College,76392.24000000001,50100,8096,1101,.6998,.0517

213011,Immaculata University,74355.42999999999,54700,4976,970,.7286,.148

200004,Western Carolina University,56230.92,41300,7773,1034,.7893,.0642

204024,Miami University-Oxford,72182.75999999999,55400,9089,1276,.7482,.0314

162061,Capitol Technology University,73053.75,68100,7187,1018,.4167,.3214

215655,Robert Morris University,59274.33,53100,11274,1050,.7271,.0638

220604,Le Moyne-Owen College,43059.02,30200,4719,760,0,.9875

213303,Keystone College,51740.58,36800,6500,878,.7338,.0824

238458,Carroll University,73362.92,47000,7187,1089,.8052,.0151

188526,Albany College of Pharmacy and Health Sciences,60872.01,114200,8236,1141,.6536999999999999,.0355

230603,Southern Utah University,55546.63,45500,6632,1065,.7635999999999999,.0216

110617,California State University-Sacramento,65686.13,54200,9161,937,.274,.0575

218238,Limestone College,53494.1,41600,5088,1004,.442,.4638

110705,University of California-Santa Barbara,73046.19,62400,14851,1281,.3344,.021

110422,California Polytechnic State University-San Luis Obispo,74683.78,74300,9628,1270,.5648,.0072

170037,Cornerstone University,63718.46,40800,5732,1009,.771,.1261

153302,Emmaus Bible College,63394.45,36800,4349,1088,.7724,.0569

219198,Mount Marty College,49528.49,39400,6259,990,.8136,.0453

195720,Saint John Fisher College,63735.93,52500,8997,1078,.8431,.0376

178679,Ozark Christian College,54292.89,33900,4621,1047,.8379,.0257

215293,University of Pittsburgh-Pittsburgh Campus,58452.18,61200,10479,1298,.7258,.053

183910,Caldwell University,80563.66,48700,8104,962,.3768,.1397

234076,University of Virginia-Main Campus,79524.13,79400,13564,1362,.5929,.065

128391,Western State Colorado University,68547.81,43400,6667,1026,.7262,.0307

194161,Nyack College,61585.03,46700,6778,920,.1987,.2967

138789,Armstrong State University,56704.76,44000,6097,987,.5528999999999999,.2608

192703,Manhattan College,83053.50999999999,70800,10613,1120,.5716,.0454

177144,Culver-Stockton College,52894.01,40100,5436,966,.7234,.1192

163268,University of Maryland-Baltimore County,83010.28999999999,59600,9987,1216,.4288,.1751

236230,Pacific Lutheran University,65366.76,53500,7405,1116,.6574,.0296

179265,St. Louis College of Pharmacy,64533.67,110600,9496,1185,.5844,.0779

201441,Bowling Green State University-Main Campus,63749.73,45300,8544,1012,.7733,.0952

122612,University of San Francisco,82472.56,74000,13001,1150,.264,.0338

190099,Colgate University,81701.81,81100,11565,1388,.659,.0453

179955,William Jewell College,66156.47,51300,6751,1144,.7863,.0403

232706,Marymount University,89815.48,57000,8101,970,.3837,.1467

201061,Art Academy of Cincinnati,69050.69,30100,5547,970,.7413,.1493

196088,University at Buffalo,63949.26,62100,10248,1181,.4778,.0737

127556,Colorado Mesa University,56304.4,42300,6577,989,.6853,.0248

152673,Wabash College,66824.53999999999,64000,8516,1145,.7206,.0642

217907,Coker College,49143.33,37100,5805,959,.5646,.3035

176080,Mississippi State University,46465.5,47400,8431,1125,.7221,.2019

107983,Southern Arkansas University Main Campus,42416.87,39000,6762,989,.6414,.2736

134130,University of Florida,60120.16,65700,11294,1287,.5586,.0611

106245,University of Arkansas at Little Rock,51732.17,39500,7683,1029,.4932,.2694

181002,Creighton University,68443.5,70100,9302,1213,.7033,.0236

117627,La Sierra University,63313.83,54600,7676,906,.137,.0564

199962,Wingate University,65044.99,55700,7545,1042,.6315,.1464

217013,Wilson College,58672.07,34000,6769,936,.6843,.0544

207263,Northeastern State University,45641.51,41000,6568,1010,.4864,.0415

407009,Arizona State University-West,69074.33,55500,8566,1078,.4736,.0578

201104,Ashland University,64491.65,42900,6901,1051,.7614,.1304

133951,Florida International University,58110.89,52000,10079,1130,.0923,.122

106546,Baptist Health College-Little Rock,50522.63,48100,6177,970,.7307,.1846

176406,Tougaloo College,44758.77,32400,4809,954,.0048,.9857

160065,University of Holy Cross,52742.13,40700,6073,950,.2559,.1614

193973,Niagara University,60954.17,45300,8536,1042,.7171999999999999,.0506

145637,University of Illinois at Urbana-Champaign,77278.03999999999,70900,11827,1320,.4661,.0593

122436,University of San Diego,79883.39,71100,12246,1237,.5203,.035

150677,Grace College and Theological Seminary,63627.14,37500,7259,1076,.8018,.0602

212160,Edinboro University of Pennsylvania,52799.06,38100,9470,945,.8087,.0771

177144,Culver-Stockton College,52894.01,40100,5436,966,.7234,.1192

232423,James Madison University,81580.49000000001,63300,8421,1125,.7537,.0459

110671,University of California-Riverside,68292.12,55300,12510,1078,.124,.0414

178615,Truman State University,64318.95,50500,7122,1224,.7927,.037

199157,North Carolina Central University,57501.19,35300,8027,873,.0663,.8123

112260,Claremont McKenna College,82855.72,93200,13553,1413,.4196,.0454

203845,Marietta College,58715.65,57700,6565,1090,.6691,.0511

196097,Stony Brook University,76205.23,62600,11093,1268,.3503,.0653

140960,Savannah State University,54220.88,35000,5714,823,.0341,.8476

170675,Lawrence Technological University,73119.88,60500,7641,1164,.6091,.0661

191515,Hamilton College,78373.41,74300,11186,1402,.639,.0402

147828,Olivet Nazarene University,66225.19,44000,6893,1099,.7897,.0797

203757,Lourdes University,59351.8,41300,5367,989,.702,.114

180489,The University of Montana,50573.68,43300,7405,1072,.7923,.0102

217882,Clemson University,64586.36,58900,9887,1269,.831,.0683

139931,Georgia Southern University,62772.56,46100,6723,1110,.6226,.2554

209542,Oregon State University,60312.67,56700,9322,1127,.6538,.0136

192925,Medaille College,56197.77,44200,5455,906,.6536999999999999,.1661

214698,Pennsylvania State University-Penn State Beaver,63381.69,57200,8059,1030,.7668,.0972

188429,Adelphi University,80864.95,63000,12137,1114,.5223,.0959

212133,Eastern University,68457.57000000001,48100,6344,1029,.4866,.2112

130448,St Vincent's College,70910.63,58900,6216,788,.4591,.149

106397,University of Arkansas,52450.53,52700,9298,1170,.7652,.0479

147767,Northwestern University,81811.63,93400,16067,1470,.4844,.059

202480,University of Dayton,75690.27,61400,8487,1185,.793,.0278

240055,University of Wisconsin Colleges,62685.64,38900,5732,970,.8113,.0284

193973,Niagara University,60954.17,45300,8536,1042,.7171999999999999,.0506

209542,Oregon State University,60312.67,56700,9322,1127,.6538,.0136

228431,Stephen F Austin State University,60702.32,46400,7593,993,.5727,.189

186432,Saint Peter's University,63508.52,50900,8816,930,.1584,.2294

191241,Fordham University,77653.14999999999,67000,13473,1281,.5891,.0425

207041,East Central University,40365.08,42200,5476,948,.5476,.0351

163453,Morgan State University,63566.62,42600,8745,894,.0186,.7701

148405,Rockford University,64497.21,47800,5731,1011,.6808,.0974

221999,Vanderbilt University,76279.78,86200,12747,1495,.5152,.0923

110422,California Polytechnic State University-San Luis Obispo,74683.78,74300,9628,1270,.5648,.0072

137351,University of South Florida-Main Campus,58397.57,48500,9468,1172,.497,.1034

221892,Trevecca Nazarene University,59625.44,49000,6648,1031,.6139,.1349

157401,Murray State University,48948.11,42300,7050,1101,.8108,.0695

179946,Westminster College,62575.25,49800,5999,1087,.7083,.0694

200226,Mayville State University,51474.96,43300,5789,950,.7199,.1007

214175,Muhlenberg College,89504.61,65300,8709,1241,.7549,.0349

206695,Youngstown State University,51307.51,40200,8171,1003,.7608,.0988

187985,University of New Mexico-Main Campus,49538.77,43900,8917,1038,.3408,.0248

240374,University of Wisconsin-Parkside,64274.59,42600,6419,970,.6697,.0907

214041,Millersville University of Pennsylvania,65479.69,46000,9813,1030,.7567,.0868

222831,Angelo State University,49632.36,46300,7121,979,.5066000000000001,.0873

139931,Georgia Southern University,62772.56,46100,6723,1110,.6226,.2554

240471,University of Wisconsin-River Falls,69159.98,44900,7419,1050,.8843,.0161

181446,Nebraska Wesleyan University,59199.51,52500,6340,1105,.8305,.0252

228787,The University of Texas at Dallas,79361.13,61400,12447,1262,.3568,.0593

198507,Elizabeth City State University,47337.89,32200,7656,884,.1643,.728

237118,Alderson Broaddus University,44559.33,47000,5012,963,.6975,.1821

196219,SUNY at Purchase College,76919.71000000001,41300,7221,1077,.5265,.111

130493,Southern Connecticut State University,74581.97,48100,8916,933,.5517,.168

217633,Anderson University,56100.72,38400,6102,1065,.8316,.0738

226091,Lamar University,53474.77,46000,8009,960,.4782,.2703

120254,Occidental College,75275.66,59400,11180,1315,.4905,.0547

240426,University of Wisconsin-Superior,53835.5,39800,6373,1010,.7963,.0155

123165,Scripps College,79153.99000000001,61800,11227,1353,.5243,.0408

156213,Asbury University,61842.48,40700,6520,1124,.8158,.0354

228149,St. Mary's University,56236.53,52000,9951,1036,.1422,.0326

150145,Bethel College-Indiana,61051.82,42800,5729,1039,.7229,.1113

178624,Northwest Missouri State University,55791.06,43700,6954,1047,.7969000000000001,.0634

148584,University of St Francis,76865.85000000001,56500,7942,1068,.6488,.0847

198862,Livingstone College,55022.91,26100,5041,730,.0067,.7513

194161,Nyack College,61585.03,46700,6778,920,.1987,.2967

195173,St Francis College,53129.58,50300,9176,937,.4002,.1894

204501,Oberlin College,76190.10000000001,45500,10956,1364,.6611,.0539

211981,Delaware Valley University,74767.83,44700,7733,990,.7451,.0808

202523,Denison University,76349.35000000001,57600,8800,1318,.6568000000000001,.0663

140553,Morehouse College,61675.05,49000,7438,994,.0029,.9472

163912,St Mary's College of Maryland,85886.58,55200,7323,1140,.6876,.0875

168786,Aquinas College,64829.33,42400,6043,1090,.7857,.0349

236595,Seattle University,70785.55,63200,9007,1208,.4626,.0269

200280,University of North Dakota,56722.24,57800,8735,1090,.8119,.0244

198969,Methodist University,58239.21,43700,7238,955,.4485,.187

145497,Hebrew Theological College,62643.23,26700,5109,1076,.9849,0

207856,Southwestern Christian University,50467,32300,4681,904,.4623,.221

220710,Maryville College,57523.24,44000,6457,1087,.7511,.1266

146612,Lewis University,79812.86,53600,9140,1090,.6212,.0573

190549,CUNY Brooklyn College,49392.3,48800,10251,1105,.3108,.2149

196042,Farmingdale State College,86057.23,55800,8155,974,.5903,.0979

230931,Lyndon State College,58494.41,35900,6305,945,.8145,.0348

142328,Lewis-Clark State College,49266.88,38200,5817,937,.8318,.0118

219295,Presentation College,47349.48,38100,5095,944,.6860000000000001,.1384

240365,University of Wisconsin-Oshkosh,64650.08,45600,7315,1030,.8539,.0251

156541,University of the Cumberlands,44968.88,38200,4971,1025,.77,.0532

163286,University of Maryland-College Park,90010.73,70800,12955,1337,.5089,.129

187912,New Mexico Military Institute,57975.77,48200,5945,926,.3033,.2014

446048,Ave Maria University,72612.62,33700,7290,1103,.6076,.0486

142090,Boise Bible College,55318.91,32700,6011,1009,.8881,.0149

138354,The University of West Florida,54753.42,43400,7780,1070,.6525,.1281

216807,Westminster College,56138.86,47200,6959,1057,.7176,.0509

140234,LaGrange College,61341.56,45700,6205,1021,.714,.2251

148131,Quincy University,58100.78,46000,5653,991,.7179,.1138

225247,Hardin-Simmons University,59593.97,48300,6900,1019,.6673,.0688

127918,Regis University,74280.35000000001,62700,7433,1098,.5794,.0473

153250,Dordt College,61155.28,45300,6320,1113,.8234,.0189

220473,Johnson University,60434.23,31700,5419,1025,.8705000000000001,.0297

173665,Hamline University,70958.03999999999,55500,7434,1104,.7023,.0628

214740,Pennsylvania State University-Penn State DuBois,63381.69,57200,7492,1000,.9350000000000001,.0172

148654,University of Illinois at Springfield,58971.81,49900,7483,1067,.6409,.1474

141486,Chaminade University of Honolulu,72476.63,41000,7929,976,.166,.0781

200226,Mayville State University,51474.96,43300,5789,950,.7199,.1007

153375,Grand View University,62140.86,45200,6452,970,.6983,.0832

237525,Marshall University,45141.01,41700,7172,1010,.8429,.0679

225511,University of Houston,68874.27,60600,11173,1152,.2499,.1011

219790,Bryan College-Dayton,56756.79,44500,5241,1099,.8112,.0622

220075,East Tennessee State University,47640.99,40600,6940,1069,.8211000000000001,.0634

193399,College of Mount Saint Vincent,63240.6,61000,8341,886,.2543,.1515

151333,Indiana University-Kokomo,60071.06,40500,6091,938,.843,.0411

214643,Pennsylvania State University-Penn State Wilkes-Barre,63381.69,57200,7654,991,.8417,.0413

212984,Holy Family University,61868.46,54300,7118,930,.6157,.116

152530,Taylor University,68822.46000000001,42600,6651,1138,.8298,.0336

206817,Bacone College,44521.89,37000,4377,826,.1646,.2848

141325,Wesleyan College,57826.42,37600,6487,1035,.4204,.2683

202480,University of Dayton,75690.27,61400,8487,1185,.793,.0278

237385,Glenville State College,38830.31,38400,5828,901,.7082000000000001,.1693

198561,Gardner-Webb University,54757.84,41600,6881,987,.6568000000000001,.1517

238078,Wheeling Jesuit University,49606.73,49600,4853,971,.7492,.0764

199069,University of Mount Olive,51727.18,43700,6186,1005,.5075,.2863

165015,Brandeis University,85221.28,69000,12627,1377,.4618,.0539

184782,Rowan University,76692.58,55400,9197,1125,.6753,.1045

138789,Armstrong State University,56704.76,44000,6097,987,.5528999999999999,.2608

186876,Stockton University,73199.66,50700,9069,1052,.6999,.0709

112084,San Diego Christian College,66943.92,42500,6407,938,.4536,.1029

219091,Dakota Wesleyan University,47601.81,40900,5717,1005,.8924,.0102

130183,Post University,67090.63,46500,6001,893,.4125,.2434

171100,Michigan State University,72140.17999999999,63200,11413,1194,.6726,.07

168430,Worcester State University,68531.82000000001,52400,8791,1016,.6849,.0797

165644,Eastern Nazarene College,69305.78999999999,46100,5455,986,.5179,.2244

153603,Iowa State University,61269.08,56000,10801,1144,.7455000000000001,.0262

212911,Haverford College,79754.75,75100,10227,1431,.5884,.0722

227863,University of St Thomas,71790.89,59600,7035,1085,.2416,.0705

206507,Wilmington College,60793.02,41900,5898,964,.7798,.1149

132879,Johnson University Florida,59004.31,31700,7146,972,.7017,.1271

173160,Bethel University,77038.37,52600,8222,1125,.7197,.0419

220808,Memphis College of Art,60136.29,28300,4414,957,.543,.3264

231712,Christopher Newport University,79798.8,52000,8289,1158,.747,.0764

198899,Mars Hill University,56558.51,33800,5114,935,.6572,.2033

199184,University of North Carolina School of the Arts,68862.71000000001,46700,7335,1139,.7336,.0914

221971,Union University,58820.27,49600,7574,1200,.7067,.2021

174066,University of Minnesota-Twin Cities,70741.62,61200,11577,1288,.6909,.0428

181093,Grace University,60446.7,34800,4727,981,.7050999999999999,.125

186283,Rider University,85423.56,54100,11143,1012,.6057,.1178

234827,Central Washington University,63170.67,50100,7281,1043,.5538,.038

132408,The Baptist College of Florida,50305.97,36200,4913,910,.8023,.0791

157863,Union College,38949.24,36400,4817,950,.7007,.1458

124292,Thomas Aquinas College,67656.24000000001,45900,9080,1249,.6891,.0026

214759,Pennsylvania State University-Penn State Fayette- Eberly,63381.69,57200,7822,961,.8596,.0447

228468,Southwestern Adventist University,57388.77,47100,6218,929,.2053,.1606

163295,Maryland Institute College of Art,80395.11,41200,8118,1152,.4542,.0586

147703,Northern Illinois University,75712.57000000001,49800,8001,1030,.5620000000000001,.1572

144962,Elmhurst College,80672.5,51600,7985,1068,.6425,.0554

142285,University of Idaho,54125.14,47000,8787,1070,.7485000000000001,.0147

199069,University of Mount Olive,51727.18,43700,6186,1005,.5075,.2863

156295,Berea College,47532.74,36300,7717,1123,.5862000000000001,.1489

162283,Coppin State University,54222.17,41800,7596,829,.017,.7941

231624,College of William and Mary,83534.78999999999,74500,10752,1360,.591,.0708

167729,Salem State University,71187,47100,8840,992,.6505,.0971

189705,Canisius College,61812.51,51100,7697,1103,.7282999999999999,.0828

126775,Colorado School of Mines,74353.28,95600,10964,1354,.7447,.0103

207500,University of Oklahoma-Norman Campus,59522.71,61900,9449,1189,.6128,.0489

110671,University of California-Riverside,68292.12,55300,12510,1078,.124,.0414

196121,SUNY College at Brockport,61824.2,45500,7340,1029,.7068,.1115

214670,Pennsylvania State University-Penn State Lehigh Valley,63381.69,57200,7043,1051,.6077,.0645

154493,Upper Iowa University,57565.93,45500,5869,968,.6561,.1969

149514,Trinity International University-Illinois,72368.27,45400,7472,1079,.6482,.1314

199698,St. Andrews University,64861.88,40100,5187,906,.4143,.1684

190594,CUNY Hunter College,55390.45,51800,10729,1160,.2476,.104

156356,Brescia University,50402.08,48000,5248,1060,.6464,.1454

228802,The University of Texas at Tyler,53622.93,50500,8256,1050,.5849,.0973

100937,Birmingham Southern College,64789.39,53100,7233,1150,.7921,.1171

138275,Warner University,52491.75,42500,4754,888,.4183,.3613

217013,Wilson College,58672.07,34000,6769,936,.6843,.0544

228778,The University of Texas at Austin,72284.10000000001,73900,8889,1289,.4237,.0419

234173,Virginia Wesleyan University,71508.50999999999,44100,7932,959,.5067,.2534

161235,University of Maine at Fort Kent,44056.6,37700,6553,890,.7621,.0372

228723,Texas A & M University-College Station,67194.13,67800,11051,1205,.6319,.0313

155335,Newman University,62008.99,47900,5358,1079,.632,.053

153825,Loras College,66273.98,50200,6218,1051,.8298,.0232

229780,Wayland Baptist University,52818.65,47200,5134,908,.402,.1667

240277,University of Wisconsin-Green Bay,63413.11,44500,6738,1050,.8519,.0178

145372,Greenville University,58941.13,39900,5551,999,.6841,.1077

226231,LeTourneau University,63985.71,56800,6862,1150,.616,.09

190099,Colgate University,81701.81,81100,11565,1388,.659,.0453

202046,Cleveland Institute of Art,66493.97,41600,5965,1086,.6917,.0897

163453,Morgan State University,63566.62,42600,8745,894,.0186,.7701

199120,University of North Carolina at Chapel Hill,66893.88,68800,12349,1338,.6294,.0784

151333,Indiana University-Kokomo,60071.06,40500,6091,938,.843,.0411

182290,University of Nevada-Reno,68050.28999999999,56300,9795,1088,.5901,.0338

142285,University of Idaho,54125.14,47000,8787,1070,.7485000000000001,.0147

155937,Sterling College,58015.54,40500,4451,967,.7003,.1186

196112,SUNY Polytechnic Institute,53376.47,55900,9435,1170,.7753,.0545

214157,Moravian College,76394.17999999999,55100,7674,1021,.6840000000000001,.0487

240444,University of Wisconsin-Madison,71185.17,68000,11719,1302,.7496,.0213

211468,Cedar Crest College,66384.94,48700,7243,989,.5841,.0916

228343,Southwestern University,75446.44,63400,7886,1165,.6183999999999999,.0559

137564,Southeastern University,60101.07,37900,7242,978,.59,.1549

154350,Simpson College,60274.33,51200,6770,1103,.8538,.0249

128391,Western State Colorado University,68547.81,43400,6667,1026,.7262,.0307

157401,Murray State University,48948.11,42300,7050,1101,.8108,.0695

142522,Brigham Young University-Idaho,58959.59,49400,7761,1036,.7618,.0061

190150,Columbia University in the City of New York,76971.14999999999,115600,18089,1496,.3724,.0742

147341,Monmouth College,66145.50999999999,46500,6792,1045,.6274999999999999,.0971

152336,University of Saint Francis-Fort Wayne,63802.5,43600,6132,1001,.8015,.0745

186432,Saint Peter's University,63508.52,50900,8816,930,.1584,.2294

160904,Xavier University of Louisiana,55657.89,64500,8478,1054,.0271,.7981

175342,Alcorn State University,38329.94,35000,6685,892,.0288,.9235

216038,Slippery Rock University of Pennsylvania,54113.09,44800,9526,998,.8582,.0529

138947,Clark Atlanta University,60451.55,38200,6970,914,.0019,.8267

186201,Ramapo College of New Jersey,88597.61,56300,9747,1082,.6421,.0522

110680,University of California-San Diego,76397.62,69600,14162,1324,.1991,.0144

229160,Texas Wesleyan University,62890.39,44400,7641,995,.3067,.1486

192703,Manhattan College,83053.50999999999,70800,10613,1120,.5716,.0454

146719,Loyola University Chicago,76055.22,63500,10360,1195,.5616,.0525

129020,University of Connecticut,80999.86,66000,12086,1248,.5984,.0579

157401,Murray State University,48948.11,42300,7050,1101,.8108,.0695

177144,Culver-Stockton College,52894.01,40100,5436,966,.7234,.1192

215284,University of Pittsburgh-Johnstown,58452.18,61200,7053,1027,.8481,.0398

138275,Warner University,52491.75,42500,4754,888,.4183,.3613

194310,Pace University-New York,74848.67999999999,66800,8810,1064,.506,.1072

152080,University of Notre Dame,76710.92,98400,13805,1474,.6919,.0403

228042,Schreiner University,58273.81,44300,6490,998,.4844,.0347

164580,Babson College,82978.89,113300,16623,1281,.3828,.0517

227429,Paul Quinn College,52585.23,29800,5400,844,.0117,.7377

231174,University of Vermont,74257.05,55200,9947,1216,.8178,.0124

130448,St Vincent's College,70910.63,58900,6216,788,.4591,.149

196413,Syracuse University,75289.41,69200,11329,1204,.5634,.0782

184603,Fairleigh Dickinson University-Metropolitan Campus,80740.5,54400,8983,965,.2339,.1099

183044,University of New Hampshire-Main Campus,77484.55,57700,11483,1101,.8139999999999999,.0131

175430,Blue Mountain College,44968.64,29200,5227,972,.8373,.1035

168290,Wheelock College,76696.63,37400,7006,903,.5784,.1456

102049,Samford University,69602.13,59800,8626,1170,.8309,.0692

130943,University of Delaware,84189.75,64000,12175,1170,.7278,.0576

147703,Northern Illinois University,75712.57000000001,49800,8001,1030,.5620000000000001,.1572

240277,University of Wisconsin-Green Bay,63413.11,44500,6738,1050,.8519,.0178

204024,Miami University-Oxford,72182.75999999999,55400,9089,1276,.7482,.0314

167783,Simmons College,77652.59,58400,7837,1179,.6615,.0719

239390,Mount Mary University,62361.14,43000,6012,970,.4938,.1852

190099,Colgate University,81701.81,81100,11565,1388,.659,.0453

233374,University of Richmond,83716.34,78900,12109,1338,.5943000000000001,.07

214175,Muhlenberg College,89504.61,65300,8709,1241,.7549,.0349

197911,Barton College,54814.93,39400,5930,948,.5373,.2217

243665,University of the Virgin Islands,59543.61,35500,6755,807,.0534,.7177

153144,Coe College,61192.02,50000,7254,1145,.7271,.0658

237118,Alderson Broaddus University,44559.33,47000,5012,963,.6975,.1821

237066,Whitworth University,63739.65,48000,7073,1143,.7241,.0197

181297,Nebraska Methodist College of Nursing & Allied Health,66507.50999999999,50600,5622,1050,.861,.0436

159966,Nicholls State University,49304.74,43800,5843,1030,.6677,.2141

220464,John A Gupton College,49308.49,39400,5035,790,.7907,.1977

184612,Felician University,74826.3,52800,6551,898,.2941,.2306

154004,Morningside College,54990.75,47900,6728,1070,.7867,.0152

232186,George Mason University,95275.14999999999,63900,10535,1165,.4291,.1092

199184,University of North Carolina School of the Arts,68862.71000000001,46700,7335,1139,.7336,.0914

215114,Cairn University-Langhorne,69912.00999999999,38700,5610,1027,.7103,.1324

218681,University of South Carolina-Salkehatchie,39553.26,29200,5566,782,.5556,.3374

214777,Pennsylvania State University-Main Campus,63381.69,57200,11195,1202,.6735,.0415

185828,New Jersey Institute of Technology,75892.84,70300,11769,1204,.3417,.0818

191533,Hartwick College,69362,49500,8159,1004,.6512,.0897

163578,Notre Dame of Maryland University,70799.46000000001,56400,7092,1058,.5201,.2739

214272,Neumann University,69149.16,47200,6801,888,.5342,.2278

228501,Sul Ross State University,40704.93,41400,6167,855,.2472,.0711

179256,Saint Louis Christian College,59406.69,32300,3583,780,.581,.3714

166513,University of Massachusetts-Lowell,76546.63,57200,11704,1172,.6327,.0605

165936,Gordon College,80002.32000000001,47700,8014,1074,.6934,.0503

157377,Midway University,50374.83,37400,6212,967,.7734,.0896

139959,University of Georgia,71225.06,59100,10885,1262,.7027,.0762

131469,George Washington University,85677.46000000001,82400,13928,1301,.5407,.0664

198516,Elon University,81102.39999999999,58700,9006,1206,.8058999999999999,.0534

111948,Chapman University,73437.32000000001,56600,12394,1225,.5674,.0178

202763,The University of Findlay,61890.4,49100,7262,1047,.8094,.0364

154527,Wartburg College,58222.9,50600,6666,1084,.7488,.0524

169080,Calvin College,70660.49000000001,48700,8435,1180,.7278,.0285

220808,Memphis College of Art,60136.29,28300,4414,957,.543,.3264

215798,Saint Vincent College,54143.22,52100,7433,1055,.8502,.0503

236452,Saint Martin's University,61347.58,51600,6448,1029,.5448,.0603

194824,Rensselaer Polytechnic Institute,74851.88,86000,12436,1365,.5674,.0335

229160,Texas Wesleyan University,62890.39,44400,7641,995,.3067,.1486

179955,William Jewell College,66156.47,51300,6751,1144,.7863,.0403

207500,University of Oklahoma-Norman Campus,59522.71,61900,9449,1189,.6128,.0489

219976,Lipscomb University,66979.13,51500,7455,1142,.7604,.0698

167729,Salem State University,71187,47100,8840,992,.6505,.0971

225627,University of the Incarnate Word,59715.43,52500,7994,893,.1938,.0752

131098,Wesley College,70367.14,45700,7133,830,.3851,.4327

198862,Livingstone College,55022.91,26100,5041,730,.0067,.7513

110705,University of California-Santa Barbara,73046.19,62400,14851,1281,.3344,.021

224004,Concordia University Texas,72128.5,51300,6803,984,.4282,.1218

213011,Immaculata University,74355.42999999999,54700,4976,970,.7286,.148

436818,University of Connecticut-Waterbury Campus,80999.86,66000,13331,994,.505,.1214

219949,Cumberland University,59163.95,43000,5149,988,.5953000000000001,.1308

220598,Lane College,47796.63,27500,5219,740,.0042,.8381

146825,MacMurray College,57876.41,39300,5618,946,.755,.1016

164632,Bay Path University,64235.27,44800,8077,967,.5695,.1294

237385,Glenville State College,38830.31,38400,5828,901,.7082000000000001,.1693

210775,Alvernia University,60334.44,47300,7018,986,.7025,.1101

201821,The Christ College of Nursing and Health Sciences,61986.6,56100,6904,1009,.7899,.1268

228723,Texas A & M University-College Station,67194.13,67800,11051,1205,.6319,.0313

178624,Northwest Missouri State University,55791.06,43700,6954,1047,.7969000000000001,.0634

229018,The University of Texas of the Permian Basin,47475.29,52300,7633,953,.3558,.0614

199412,Queens University of Charlotte,69597.25,49400,7177,1061,.5658,.1589

174783,Saint Cloud State University,66422.48,48600,9314,991,.6949,.0715

171492,Northwood University,64809.96,54900,6072,1026,.6063,.1014

164739,Bentley University,82419.5,95400,13380,1198,.6219,.0313

133669,Florida Atlantic University,63066.25,48300,9234,1047,.4191,.1993

106397,University of Arkansas,52450.53,52700,9298,1170,.7652,.0479

110592,California State University-Los Angeles,52850.08,49900,9279,870,.0652,.0399

219046,Black Hills State University,49477.45,40500,7118,1009,.8159,.0134

207722,University of Science and Arts of Oklahoma,46710.02,36400,5861,994,.5881,.0347

214704,Pennsylvania State University-Penn State Berks,63381.69,57200,8382,992,.665,.1002

179566,Missouri State University-Springfield,56273.4,44500,7442,1090,.8124,.0469

127185,Fort Lewis College,61685.3,39400,7152,1014,.4987,.0105

141486,Chaminade University of Honolulu,72476.63,41000,7929,976,.166,.0781

189705,Canisius College,61812.51,51100,7697,1103,.7282999999999999,.0828

155025,Emporia State University,56675.47,40300,6729,1029,.701,.0548

225399,Houston Baptist University,72476.33,52300,6934,1057,.2603,.1824

151102,Indiana University-Purdue University-Fort Wayne,61940.3,39800,7631,976,.8146,.0485

198419,Duke University,78468.48,114500,15054,1460,.4557,.0983

213349,Kutztown University of Pennsylvania,67783.53999999999,43900,9103,975,.7759,.0768

130493,Southern Connecticut State University,74581.97,48100,8916,933,.5517,.168

218821,Spartanburg Methodist College,53658.08,35000,5726,865,.5639,.3315

215105,The University of the Arts,75947.63,39100,6903,1033,.6119,.1471

145725,Illinois Institute of Technology,74075.49000000001,78000,12225,1275,.3428,.0577

221731,Tennessee Wesleyan University,48462.92,43700,4992,1019,.5004999999999999,.036

237215,Bluefield State College,36594.82,31900,6215,935,.8639,.077

207856,Southwestern Christian University,50467,32300,4681,904,.4623,.221

127565,Metropolitan State University of Denver,71857.86,44200,6476,951,.5643,.0635

202514,Defiance College,61079.24,46500,5663,960,.7728,.0998

110565,California State University-Fullerton,73036.39999999999,51800,9422,1017,.2041,.0199

209409,Northwest Christian University,52696.79,45700,5600,971,.746,.0465

199184,University of North Carolina School of the Arts,68862.71000000001,46700,7335,1139,.7336,.0914

179557,Southeast Missouri State University,51305.92,41400,7154,1049,.7813,.1021

164173,Stevenson University,74334.53999999999,54600,8971,1022,.5624,.2713

228042,Schreiner University,58273.81,44300,6490,998,.4844,.0347

151801,Indiana Wesleyan University-Marion,62930.13,56200,7127,1077,.8234,.0272

176947,Central Methodist University-College of Liberal Arts and Sciences,49478.5,39500,5913,1023,.7661,.0761

151290,Indiana Institute of Technology,60972.77,49400,7573,944,.3551,.3697

139861,Georgia College & State University,68382.02,45200,6788,1116,.8399,.0522

234827,Central Washington University,63170.67,50100,7281,1043,.5538,.038

237358,Davis & Elkins College,46441.47,40200,5737,954,.6212,.0536

214768,Pennsylvania State University-Penn State Hazleton,63381.69,57200,8457,1024,.6163999999999999,.1133

199209,North Carolina Wesleyan College,57249.1,41900,5882,919,.3244,.4378

221397,Roane State Community College,44967.61,32600,6029,930,.8653,.0271

219198,Mount Marty College,49528.49,39400,6259,990,.8136,.0453

207041,East Central University,40365.08,42200,5476,948,.5476,.0351

225432,University of Houston-Downtown,59551.33,49300,7755,906,.1569,.2137

107512,Ouachita Baptist University,61306.22,46000,6270,1116,.8389,.0792

179548,Stephens College,61398.11,41000,5274,1049,.6948,.1271

139366,Columbus State University,55979.92,38800,6454,963,.4993,.377

217998,Erskine College,57374.47,41500,4784,1028,.5328000000000001,.1066

127060,University of Denver,78120.25999999999,65400,10680,1262,.694,.02

234076,University of Virginia-Main Campus,79524.13,79400,13564,1362,.5929,.065

195720,Saint John Fisher College,63735.93,52500,8997,1078,.8431,.0376

238333,Beloit College,74481.75999999999,47700,7486,1222,.6152,.0525

239017,Lawrence University,74097.25,48700,7831,1280,.6768,.0378

175430,Blue Mountain College,44968.64,29200,5227,972,.8373,.1035

141486,Chaminade University of Honolulu,72476.63,41000,7929,976,.166,.0781

190044,Clarkson University,62331.73,74200,10515,1190,.8275,.0236

224323,University of Dallas,75912.69,51400,7808,1184,.6246,.0201

218973,Wofford College,61134.14,59800,8105,1185,.803,.0764

233426,Roanoke College,74630.57000000001,52000,7610,1091,.8222,.056

218539,Presbyterian College,62666.83,50800,7729,1118,.7642,.1305

224004,Concordia University Texas,72128.5,51300,6803,984,.4282,.1218

239628,Ripon College,66802.94,51300,7008,1085,.8278,.0244

107983,Southern Arkansas University Main Campus,42416.87,39000,6762,989,.6414,.2736

198598,Greensboro College,63893.94,41000,5866,926,.5512,.3061

187444,William Paterson University of New Jersey,80256.10000000001,49100,10289,985,.4155,.1653

204617,Ohio Dominican University,65362.52,47100,7228,1004,.58,.2139

132471,Barry University,58621.88,50900,7895,930,.1939,.2947

232265,Hampton University,65714.12,50100,6834,973,.0129,.9549

145336,Governors State University,67479.78999999999,44000,7344,910,.3402,.3906

184773,Georgian Court University,78770.86,43600,8233,946,.6111,.1199

142090,Boise Bible College,55318.91,32700,6011,1009,.8881,.0149

219602,Austin Peay State University,52472.51,38800,7337,1010,.6125,.2142

164924,Boston College,83893.95,92500,14619,1378,.6197,.0377

139940,Georgia State University,72190.32000000001,48200,8592,1070,.2461,.4178

240277,University of Wisconsin-Green Bay,63413.11,44500,6738,1050,.8519,.0178

199157,North Carolina Central University,57501.19,35300,8027,873,.0663,.8123

230764,University of Utah,69474.52,63500,9560,1116,.6967,.0136

139250,College of Coastal Georgia,50342.2,32800,5942,896,.644,.2032

220978,Middle Tennessee State University,60340.43,44400,7059,1030,.6368,.2139

233921,Virginia Polytechnic Institute and State University,77607.85000000001,67100,10988,1210,.6654,.0397

237057,Whitman College,70542.39,59400,8926,1324,.7138,.0143

159993,University of Louisiana at Monroe,43063.22,46300,7332,1057,.6231,.2476

210429,Western Oregon University,59410.15,43400,6148,953,.6345,.0385

160658,University of Louisiana at Lafayette,47090.8,46400,8270,1089,.6297,.2044

201645,Case Western Reserve University,69873.39999999999,89300,10921,1408,.5026,.0422

168546,Albion College,71425.7,55700,7341,1067,.7064,.0926

201654,Cedarville University,67472.37,46800,7209,1188,.8711,.0144

124292,Thomas Aquinas College,67656.24000000001,45900,9080,1249,.6891,.0026

174747,College of Saint Benedict,70918.96000000001,57000,8283,1134,.7835,.0306

168290,Wheelock College,76696.63,37400,7006,903,.5784,.1456

200059,Dickinson State University,46555.21,49300,6999,1116,.7554,.0477

100858,Auburn University,59005.4,56300,9945,1217,.8285,.0673

219806,Carson-Newman University,53143.24,41300,5656,1058,.8238,.0807

137564,Southeastern University,60101.07,37900,7242,978,.59,.1549

240426,University of Wisconsin-Superior,53835.5,39800,6373,1010,.7963,.0155

